order_id,date,product,sku,region,quantity,price,returned,return_reason
100001,2026-02-07,Canvas Slip-On,CNV-006,North,1,1866.34,False,
100002,2026-07-02,Merino Wool Loafer,MWL-001,North,2,1546.67,True,Size issue
100003,2026-06-24,Hemp Espadrille,HMP-005,North,1,2573.03,False,
100004,2026-05-26,Cork Sandal,CRK-004,South,1,2713.15,True,Changed mind
100005,2026-04-29,Canvas Slip-On,CNV-006,West,1,1732.22,False,
100006,2026-02-24,Recycled PET Runner,RPR-003,North,2,1644.07,False,
100007,2026-02-12,Hemp Espadrille,HMP-005,East,2,2303.34,False,
100008,2026-06-22,Cork Sandal,CRK-004,North,1,2743.11,False,
100009,2026-07-31,Recycled PET Runner,RPR-003,South,1,1567.74,False,
100010,2026-04-01,Recycled PET Runner,RPR-003,North,1,2069.19,False,
100011,2026-05-06,Recycled PET Runner,RPR-003,South,1,1813.26,False,
100012,2026-07-06,Canvas Slip-On,CNV-006,North,1,2300.21,False,
100013,2026-04-11,Cork Sandal,CRK-004,West,1,2525.92,False,
100014,2026-02-09,Merino Wool Loafer,MWL-001,South,1,2100.75,False,
100015,2026-03-27,Hemp Espadrille,HMP-005,East,2,2092.45,False,
100016,2026-04-09,Cork Sandal,CRK-004,South,1,1868.94,False,
100017,2026-06-30,Recycled PET Runner,RPR-003,West,2,2041.99,False,
100018,2026-02-24,Bamboo Fiber Sneaker,BFS-002,West,1,2790.65,False,
100019,2026-07-03,Bamboo Fiber Sneaker,BFS-002,West,1,2076.15,False,
100020,2026-06-22,Cork Sandal,CRK-004,East,1,2519.43,False,
100021,2026-07-15,Hemp Espadrille,HMP-005,East,1,1666.33,False,
100022,2026-04-09,Cork Sandal,CRK-004,North,1,2260.52,False,
100023,2026-07-14,Canvas Slip-On,CNV-006,East,1,1728.26,False,
100024,2026-07-04,Hemp Espadrille,HMP-005,North,1,2231.91,False,
100025,2026-04-03,Recycled PET Runner,RPR-003,East,1,1860.31,False,
100026,2026-06-05,Merino Wool Loafer,MWL-001,North,1,2965.98,False,
100027,2026-07-19,Bamboo Fiber Sneaker,BFS-002,South,2,2919.27,False,
100028,2026-03-27,Hemp Espadrille,HMP-005,West,1,2568.42,False,
100029,2026-05-24,Canvas Slip-On,CNV-006,East,2,1680.51,False,
100030,2026-07-01,Recycled PET Runner,RPR-003,North,1,2381.66,True,Size issue
100031,2026-02-09,Bamboo Fiber Sneaker,BFS-002,North,1,1605.29,False,
100032,2026-03-27,Canvas Slip-On,CNV-006,West,1,2584.03,False,
100033,2026-04-04,Hemp Espadrille,HMP-005,West,2,2710.25,False,
100034,2026-05-02,Merino Wool Loafer,MWL-001,West,2,2115.65,False,
100035,2026-02-16,Merino Wool Loafer,MWL-001,North,2,2591.32,False,
100036,2026-03-22,Merino Wool Loafer,MWL-001,South,1,2303.43,False,
100037,2026-05-30,Bamboo Fiber Sneaker,BFS-002,East,1,2810.73,False,
100038,2026-02-13,Hemp Espadrille,HMP-005,North,1,2952.49,False,
100039,2026-05-16,Bamboo Fiber Sneaker,BFS-002,South,2,2221.04,False,
100040,2026-05-09,Merino Wool Loafer,MWL-001,South,1,2976.96,False,
100041,2026-05-20,Cork Sandal,CRK-004,East,2,1731.2,False,
100042,2026-04-22,Merino Wool Loafer,MWL-001,North,1,1574.21,False,
100043,2026-02-15,Hemp Espadrille,HMP-005,South,1,2776.01,False,
100044,2026-05-15,Merino Wool Loafer,MWL-001,South,1,2911.39,False,
100045,2026-07-09,Hemp Espadrille,HMP-005,North,1,2127.84,False,
100046,2026-04-08,Hemp Espadrille,HMP-005,East,1,2503.59,False,
100047,2026-03-06,Recycled PET Runner,RPR-003,West,1,2184.84,False,
100048,2026-05-29,Merino Wool Loafer,MWL-001,North,1,1608.89,False,
100049,2026-05-01,Recycled PET Runner,RPR-003,South,1,2817.91,False,
100050,2026-06-20,Bamboo Fiber Sneaker,BFS-002,West,1,2416.52,False,
100051,2026-07-21,Canvas Slip-On,CNV-006,North,1,2896.63,False,
100052,2026-03-02,Bamboo Fiber Sneaker,BFS-002,East,1,2612.63,False,
100053,2026-04-29,Recycled PET Runner,RPR-003,South,1,2530.25,False,
100054,2026-04-06,Hemp Espadrille,HMP-005,West,1,1637.45,False,
100055,2026-02-01,Recycled PET Runner,RPR-003,North,1,2655.68,False,
100056,2026-05-25,Recycled PET Runner,RPR-003,South,2,2340.36,False,
100057,2026-06-20,Canvas Slip-On,CNV-006,South,1,2750.89,False,
100058,2026-03-05,Bamboo Fiber Sneaker,BFS-002,West,1,1961.39,False,
100059,2026-03-26,Merino Wool Loafer,MWL-001,East,1,2499.4,False,
100060,2026-07-09,Hemp Espadrille,HMP-005,West,1,2887.65,False,
100061,2026-05-17,Bamboo Fiber Sneaker,BFS-002,South,1,1768.04,False,
100062,2026-04-10,Cork Sandal,CRK-004,South,1,2680.06,False,
100063,2026-03-29,Merino Wool Loafer,MWL-001,West,1,2723.88,False,
100064,2026-03-30,Recycled PET Runner,RPR-003,South,1,2489.05,False,
100065,2026-04-13,Recycled PET Runner,RPR-003,North,1,2461.22,False,
100066,2026-02-08,Hemp Espadrille,HMP-005,East,1,2814.56,False,
100067,2026-02-10,Hemp Espadrille,HMP-005,East,1,2393.86,False,
100068,2026-07-06,Recycled PET Runner,RPR-003,West,1,2076.79,False,
100069,2026-05-23,Recycled PET Runner,RPR-003,North,1,2278.88,False,
100070,2026-05-05,Canvas Slip-On,CNV-006,South,2,1603.96,False,
100071,2026-07-20,Recycled PET Runner,RPR-003,East,1,2578.63,False,
100072,2026-04-25,Recycled PET Runner,RPR-003,West,2,2544.81,False,
100073,2026-07-21,Bamboo Fiber Sneaker,BFS-002,West,2,2514.98,False,
100074,2026-05-15,Hemp Espadrille,HMP-005,East,1,1954.81,False,
100075,2026-05-31,Hemp Espadrille,HMP-005,East,2,2162.24,False,
100076,2026-07-19,Cork Sandal,CRK-004,South,1,1924.68,False,
100077,2026-02-24,Hemp Espadrille,HMP-005,East,1,2508.19,False,
100078,2026-02-07,Bamboo Fiber Sneaker,BFS-002,South,1,1866.26,False,
100079,2026-05-18,Merino Wool Loafer,MWL-001,West,1,2576.52,False,
100080,2026-03-10,Cork Sandal,CRK-004,South,1,2837.99,False,
100081,2026-03-29,Merino Wool Loafer,MWL-001,West,1,2705.16,False,
100082,2026-06-23,Cork Sandal,CRK-004,North,1,2875.21,False,
100083,2026-07-21,Bamboo Fiber Sneaker,BFS-002,West,1,2924.06,False,
100084,2026-06-21,Hemp Espadrille,HMP-005,West,2,2844.81,False,
100085,2026-04-08,Cork Sandal,CRK-004,West,1,2758.79,False,
100086,2026-07-11,Hemp Espadrille,HMP-005,West,1,1910.9,False,
100087,2026-04-11,Recycled PET Runner,RPR-003,South,1,1978.56,False,
100088,2026-04-01,Bamboo Fiber Sneaker,BFS-002,South,2,2539.92,False,
100089,2026-05-16,Merino Wool Loafer,MWL-001,West,1,2312.92,False,
100090,2026-05-11,Bamboo Fiber Sneaker,BFS-002,West,1,2784.1,False,
100091,2026-02-02,Cork Sandal,CRK-004,West,1,1946.92,False,
100092,2026-06-05,Cork Sandal,CRK-004,South,1,1908.4,False,
100093,2026-07-22,Cork Sandal,CRK-004,East,2,2585.27,False,
100094,2026-05-12,Bamboo Fiber Sneaker,BFS-002,North,1,1624.92,False,
100095,2026-02-13,Cork Sandal,CRK-004,South,1,2067.66,False,
100096,2026-05-09,Recycled PET Runner,RPR-003,East,1,2627.01,False,
100097,2026-06-01,Recycled PET Runner,RPR-003,North,1,2622.54,True,Quality issue
100098,2026-07-17,Bamboo Fiber Sneaker,BFS-002,North,1,2630.35,False,
100099,2026-07-10,Bamboo Fiber Sneaker,BFS-002,North,1,1856.82,False,
100100,2026-05-31,Merino Wool Loafer,MWL-001,South,1,2649.35,False,
100101,2026-03-14,Hemp Espadrille,HMP-005,North,1,1661.15,True,Quality issue
100102,2026-05-13,Hemp Espadrille,HMP-005,West,1,1612.99,False,
100103,2026-02-27,Canvas Slip-On,CNV-006,South,1,2774.44,False,
100104,2026-04-30,Merino Wool Loafer,MWL-001,North,2,2491.28,False,
100105,2026-02-04,Canvas Slip-On,CNV-006,East,2,2732.5,False,
100106,2026-03-12,Recycled PET Runner,RPR-003,West,2,1763.21,False,
100107,2026-07-08,Canvas Slip-On,CNV-006,East,2,2196.31,False,
100108,2026-04-24,Hemp Espadrille,HMP-005,East,1,2745.1,False,
100109,2026-05-30,Cork Sandal,CRK-004,South,2,2003.59,False,
100110,2026-06-05,Recycled PET Runner,RPR-003,South,1,2031.24,False,
100111,2026-06-23,Recycled PET Runner,RPR-003,East,1,2273.94,False,
100112,2026-06-06,Bamboo Fiber Sneaker,BFS-002,West,1,2534.91,False,
100113,2026-02-05,Cork Sandal,CRK-004,West,1,1940.35,False,
100114,2026-07-20,Bamboo Fiber Sneaker,BFS-002,East,1,2208.89,False,
100115,2026-05-02,Cork Sandal,CRK-004,East,2,1905.37,False,
100116,2026-04-22,Merino Wool Loafer,MWL-001,South,1,2613.32,False,
100117,2026-03-22,Canvas Slip-On,CNV-006,South,1,2606.91,False,
100118,2026-02-26,Hemp Espadrille,HMP-005,East,1,1943.37,False,
100119,2026-06-17,Recycled PET Runner,RPR-003,North,1,1910.47,False,
100120,2026-07-29,Hemp Espadrille,HMP-005,East,1,2455.8,False,
100121,2026-06-27,Merino Wool Loafer,MWL-001,North,1,2203.1,False,
100122,2026-04-06,Bamboo Fiber Sneaker,BFS-002,North,2,1670.13,False,
100123,2026-06-28,Cork Sandal,CRK-004,North,1,1726.59,False,
100124,2026-04-05,Recycled PET Runner,RPR-003,North,1,2336.11,False,
100125,2026-06-14,Hemp Espadrille,HMP-005,South,2,2174.77,False,
100126,2026-04-20,Hemp Espadrille,HMP-005,West,1,2413.45,False,
100127,2026-04-09,Bamboo Fiber Sneaker,BFS-002,South,1,1734.59,False,
100128,2026-02-01,Merino Wool Loafer,MWL-001,South,2,2174.76,False,
100129,2026-04-01,Recycled PET Runner,RPR-003,North,1,2559.43,False,
100130,2026-07-26,Cork Sandal,CRK-004,North,1,2884.87,False,
100131,2026-05-20,Canvas Slip-On,CNV-006,South,1,2315.84,False,
100132,2026-02-19,Recycled PET Runner,RPR-003,South,1,1747.88,False,
100133,2026-05-24,Canvas Slip-On,CNV-006,East,1,2202.05,False,
100134,2026-06-09,Cork Sandal,CRK-004,East,2,2155.64,False,
100135,2026-07-05,Cork Sandal,CRK-004,East,1,1537.8,False,
100136,2026-07-23,Canvas Slip-On,CNV-006,North,1,2363.37,False,
100137,2026-06-13,Bamboo Fiber Sneaker,BFS-002,West,2,2873.11,False,
100138,2026-07-13,Hemp Espadrille,HMP-005,West,2,2952.58,False,
100139,2026-04-24,Cork Sandal,CRK-004,East,1,2785.6,False,
100140,2026-04-15,Canvas Slip-On,CNV-006,West,2,2719.35,False,
100141,2026-04-22,Cork Sandal,CRK-004,North,1,1983.91,False,
100142,2026-07-19,Cork Sandal,CRK-004,North,2,2118.87,False,
100143,2026-07-11,Recycled PET Runner,RPR-003,West,2,2638.99,False,
100144,2026-04-15,Hemp Espadrille,HMP-005,South,2,2820.27,False,
100145,2026-03-13,Merino Wool Loafer,MWL-001,South,1,2325.26,False,
100146,2026-03-02,Merino Wool Loafer,MWL-001,South,2,2919.59,False,
100147,2026-04-16,Bamboo Fiber Sneaker,BFS-002,West,1,2122.24,False,
100148,2026-05-28,Cork Sandal,CRK-004,South,1,2074.38,False,
100149,2026-02-18,Hemp Espadrille,HMP-005,South,1,2658.01,False,
100150,2026-02-01,Recycled PET Runner,RPR-003,East,1,2588.08,False,
100151,2026-03-11,Hemp Espadrille,HMP-005,West,2,2306.87,False,
100152,2026-05-28,Hemp Espadrille,HMP-005,West,1,2803.4,False,
100153,2026-04-01,Bamboo Fiber Sneaker,BFS-002,West,2,1564.47,False,
100154,2026-05-10,Canvas Slip-On,CNV-006,West,1,2241.99,True,Wrong item
100155,2026-02-26,Hemp Espadrille,HMP-005,East,2,1648.57,False,
100156,2026-05-16,Merino Wool Loafer,MWL-001,South,1,1611.24,False,
100157,2026-07-10,Recycled PET Runner,RPR-003,East,2,2473.75,False,
100158,2026-04-23,Canvas Slip-On,CNV-006,West,2,2807.57,True,Size issue
100159,2026-03-31,Bamboo Fiber Sneaker,BFS-002,East,1,2149.96,False,
100160,2026-05-25,Canvas Slip-On,CNV-006,North,1,2540.0,False,
100161,2026-02-15,Merino Wool Loafer,MWL-001,East,1,2036.7,False,
100162,2026-06-25,Bamboo Fiber Sneaker,BFS-002,West,1,1753.98,False,
100163,2026-06-08,Cork Sandal,CRK-004,South,1,1847.28,False,
100164,2026-07-21,Cork Sandal,CRK-004,East,1,2847.36,False,
100165,2026-02-19,Recycled PET Runner,RPR-003,South,2,2916.85,False,
100166,2026-07-27,Recycled PET Runner,RPR-003,West,1,2184.25,False,
100167,2026-02-28,Cork Sandal,CRK-004,West,1,2071.05,False,
100168,2026-02-06,Recycled PET Runner,RPR-003,East,2,1910.72,False,
100169,2026-07-06,Canvas Slip-On,CNV-006,North,2,2748.26,False,
100170,2026-03-29,Bamboo Fiber Sneaker,BFS-002,East,1,2430.34,False,
100171,2026-07-11,Canvas Slip-On,CNV-006,South,1,2854.11,False,
100172,2026-02-09,Recycled PET Runner,RPR-003,West,1,2597.54,False,
100173,2026-05-18,Recycled PET Runner,RPR-003,East,1,1800.19,False,
100174,2026-03-15,Recycled PET Runner,RPR-003,East,1,2870.07,False,
100175,2026-03-02,Recycled PET Runner,RPR-003,East,2,2943.34,False,
100176,2026-06-23,Bamboo Fiber Sneaker,BFS-002,West,1,1634.45,False,
100177,2026-05-28,Recycled PET Runner,RPR-003,North,1,2508.24,False,
100178,2026-07-14,Hemp Espadrille,HMP-005,West,1,1661.52,False,
100179,2026-07-07,Merino Wool Loafer,MWL-001,East,1,2470.48,False,
100180,2026-07-17,Canvas Slip-On,CNV-006,East,2,1674.01,True,Size issue
100181,2026-03-02,Recycled PET Runner,RPR-003,West,1,1851.2,False,
100182,2026-05-06,Cork Sandal,CRK-004,West,2,2380.01,False,
100183,2026-06-06,Cork Sandal,CRK-004,North,2,2907.58,False,
100184,2026-03-28,Canvas Slip-On,CNV-006,East,2,2166.04,False,
100185,2026-07-26,Recycled PET Runner,RPR-003,North,1,2315.7,False,
100186,2026-05-13,Recycled PET Runner,RPR-003,North,1,1783.71,False,
100187,2026-07-20,Cork Sandal,CRK-004,North,1,2461.56,False,
100188,2026-04-27,Merino Wool Loafer,MWL-001,North,1,2982.23,False,
100189,2026-06-22,Bamboo Fiber Sneaker,BFS-002,North,1,2378.57,False,
100190,2026-03-10,Bamboo Fiber Sneaker,BFS-002,East,1,1914.91,False,
100191,2026-03-17,Bamboo Fiber Sneaker,BFS-002,East,1,2490.59,True,Size issue
100192,2026-07-01,Recycled PET Runner,RPR-003,South,1,1522.67,False,
100193,2026-06-15,Bamboo Fiber Sneaker,BFS-002,West,1,2617.5,False,
100194,2026-05-27,Recycled PET Runner,RPR-003,North,1,2917.12,True,Wrong item
100195,2026-07-15,Recycled PET Runner,RPR-003,West,1,1590.24,False,
100196,2026-07-26,Cork Sandal,CRK-004,West,1,2234.4,False,
100197,2026-04-24,Merino Wool Loafer,MWL-001,North,1,1597.52,False,
100198,2026-05-09,Canvas Slip-On,CNV-006,East,1,2179.57,False,
100199,2026-07-18,Merino Wool Loafer,MWL-001,North,1,2144.1,False,
100200,2026-05-18,Cork Sandal,CRK-004,West,1,1967.82,False,
100201,2026-03-12,Recycled PET Runner,RPR-003,East,2,1599.7,False,
100202,2026-02-25,Merino Wool Loafer,MWL-001,West,1,2716.65,False,
100203,2026-07-22,Hemp Espadrille,HMP-005,East,1,2115.21,False,
100204,2026-04-15,Cork Sandal,CRK-004,North,1,2026.47,False,
100205,2026-07-19,Bamboo Fiber Sneaker,BFS-002,South,2,1835.37,False,
100206,2026-03-02,Hemp Espadrille,HMP-005,East,1,2360.15,False,
100207,2026-07-06,Hemp Espadrille,HMP-005,North,1,1542.43,False,
100208,2026-05-01,Recycled PET Runner,RPR-003,East,1,1771.11,False,
100209,2026-02-18,Canvas Slip-On,CNV-006,West,1,2610.45,False,
100210,2026-05-08,Merino Wool Loafer,MWL-001,South,2,2179.47,False,
100211,2026-06-26,Recycled PET Runner,RPR-003,East,1,2824.01,False,
100212,2026-07-23,Hemp Espadrille,HMP-005,North,1,1907.15,False,
100213,2026-05-18,Cork Sandal,CRK-004,West,1,1822.35,False,
100214,2026-03-01,Recycled PET Runner,RPR-003,West,1,2516.33,False,
100215,2026-02-12,Hemp Espadrille,HMP-005,East,1,2091.9,False,
100216,2026-04-19,Merino Wool Loafer,MWL-001,South,1,2650.02,False,
100217,2026-03-03,Recycled PET Runner,RPR-003,East,1,2245.08,False,
100218,2026-06-17,Bamboo Fiber Sneaker,BFS-002,West,1,2249.39,False,
100219,2026-05-13,Recycled PET Runner,RPR-003,North,1,2153.33,False,
100220,2026-06-28,Merino Wool Loafer,MWL-001,East,2,2359.1,False,
100221,2026-03-02,Cork Sandal,CRK-004,East,2,1530.28,False,
100222,2026-07-27,Hemp Espadrille,HMP-005,West,1,1631.19,False,
100223,2026-07-01,Bamboo Fiber Sneaker,BFS-002,West,2,2284.94,False,
100224,2026-03-29,Recycled PET Runner,RPR-003,East,1,2667.68,False,
100225,2026-06-16,Canvas Slip-On,CNV-006,North,1,2857.88,False,
100226,2026-04-02,Canvas Slip-On,CNV-006,South,1,1718.67,False,
100227,2026-07-18,Hemp Espadrille,HMP-005,South,1,1764.72,False,
100228,2026-06-25,Cork Sandal,CRK-004,West,2,2520.7,False,
100229,2026-07-11,Canvas Slip-On,CNV-006,East,1,1725.44,False,
100230,2026-04-12,Cork Sandal,CRK-004,East,1,2026.91,False,
100231,2026-02-10,Cork Sandal,CRK-004,West,1,2052.11,False,
100232,2026-07-08,Canvas Slip-On,CNV-006,North,2,2193.07,False,
100233,2026-05-27,Canvas Slip-On,CNV-006,North,1,1981.29,False,
100234,2026-05-27,Bamboo Fiber Sneaker,BFS-002,North,1,2715.45,False,
100235,2026-06-10,Canvas Slip-On,CNV-006,North,1,1557.71,False,
100236,2026-05-05,Cork Sandal,CRK-004,South,1,2875.91,False,
100237,2026-07-12,Recycled PET Runner,RPR-003,North,1,1597.87,False,
100238,2026-04-14,Canvas Slip-On,CNV-006,West,1,2584.6,False,
100239,2026-04-27,Hemp Espadrille,HMP-005,South,1,2373.11,False,
100240,2026-07-18,Recycled PET Runner,RPR-003,East,2,1692.43,False,
100241,2026-06-24,Merino Wool Loafer,MWL-001,East,2,2464.24,False,
100242,2026-07-16,Bamboo Fiber Sneaker,BFS-002,North,2,2261.73,True,Quality issue
100243,2026-04-29,Bamboo Fiber Sneaker,BFS-002,South,2,1787.01,False,
100244,2026-04-17,Bamboo Fiber Sneaker,BFS-002,North,1,2260.53,False,
100245,2026-07-20,Canvas Slip-On,CNV-006,North,1,2813.59,False,
100246,2026-03-12,Hemp Espadrille,HMP-005,West,1,1770.27,False,
100247,2026-05-24,Hemp Espadrille,HMP-005,South,1,2115.29,False,
100248,2026-07-07,Bamboo Fiber Sneaker,BFS-002,West,1,2627.59,False,
100249,2026-04-21,Bamboo Fiber Sneaker,BFS-002,South,2,2854.96,False,
100250,2026-05-30,Canvas Slip-On,CNV-006,West,1,2666.19,False,
100251,2026-03-24,Cork Sandal,CRK-004,South,1,2808.5,True,Late delivery
100252,2026-06-13,Recycled PET Runner,RPR-003,North,1,1926.59,False,
100253,2026-06-12,Recycled PET Runner,RPR-003,West,1,2745.57,False,
100254,2026-05-01,Bamboo Fiber Sneaker,BFS-002,West,1,2121.35,False,
100255,2026-05-10,Recycled PET Runner,RPR-003,South,1,2061.37,True,Size issue
100256,2026-03-10,Canvas Slip-On,CNV-006,East,1,1556.45,False,
100257,2026-07-31,Cork Sandal,CRK-004,South,2,2171.9,True,Size issue
100258,2026-03-28,Merino Wool Loafer,MWL-001,East,1,2322.21,False,
100259,2026-03-01,Hemp Espadrille,HMP-005,West,1,1855.46,False,
100260,2026-07-14,Bamboo Fiber Sneaker,BFS-002,West,2,1593.21,False,
100261,2026-07-12,Cork Sandal,CRK-004,North,1,2576.82,False,
100262,2026-04-03,Merino Wool Loafer,MWL-001,East,2,1779.97,False,
100263,2026-02-18,Hemp Espadrille,HMP-005,East,1,2084.68,False,
100264,2026-05-07,Canvas Slip-On,CNV-006,West,1,2619.97,False,
100265,2026-04-03,Merino Wool Loafer,MWL-001,East,1,2656.25,False,
100266,2026-02-12,Recycled PET Runner,RPR-003,South,1,2318.02,False,
100267,2026-07-29,Bamboo Fiber Sneaker,BFS-002,West,2,2446.6,False,
100268,2026-02-10,Merino Wool Loafer,MWL-001,West,1,1801.39,False,
100269,2026-04-21,Merino Wool Loafer,MWL-001,East,2,2982.68,False,
100270,2026-07-16,Recycled PET Runner,RPR-003,North,1,1928.17,False,
100271,2026-04-11,Merino Wool Loafer,MWL-001,East,1,2698.01,False,
100272,2026-05-10,Cork Sandal,CRK-004,West,1,2959.59,False,
100273,2026-06-13,Cork Sandal,CRK-004,East,1,2700.72,False,
100274,2026-07-05,Merino Wool Loafer,MWL-001,West,1,2317.21,True,Size issue
100275,2026-04-20,Canvas Slip-On,CNV-006,East,2,2402.93,False,
100276,2026-05-01,Canvas Slip-On,CNV-006,West,2,1562.53,False,
100277,2026-04-12,Recycled PET Runner,RPR-003,West,1,1611.56,False,
100278,2026-02-08,Recycled PET Runner,RPR-003,South,1,2772.0,False,
100279,2026-03-05,Cork Sandal,CRK-004,North,1,1852.99,False,
100280,2026-06-26,Recycled PET Runner,RPR-003,West,1,2406.64,False,
100281,2026-05-25,Recycled PET Runner,RPR-003,East,1,2359.88,False,
100282,2026-07-17,Cork Sandal,CRK-004,East,1,1873.42,False,
100283,2026-06-08,Canvas Slip-On,CNV-006,South,2,2869.31,False,
100284,2026-03-27,Recycled PET Runner,RPR-003,West,1,2539.97,False,
100285,2026-03-07,Bamboo Fiber Sneaker,BFS-002,North,1,2177.06,False,
100286,2026-07-25,Cork Sandal,CRK-004,North,1,2500.76,False,
100287,2026-04-18,Hemp Espadrille,HMP-005,East,1,2566.71,False,
100288,2026-05-04,Canvas Slip-On,CNV-006,South,1,1681.04,False,
100289,2026-06-07,Bamboo Fiber Sneaker,BFS-002,South,1,2040.34,False,
100290,2026-07-07,Cork Sandal,CRK-004,South,1,1597.62,False,
100291,2026-06-15,Canvas Slip-On,CNV-006,West,2,2652.75,False,
100292,2026-04-23,Merino Wool Loafer,MWL-001,South,1,2173.96,False,
100293,2026-06-22,Recycled PET Runner,RPR-003,South,1,2650.67,False,
100294,2026-03-04,Hemp Espadrille,HMP-005,North,1,1955.19,False,
100295,2026-04-30,Canvas Slip-On,CNV-006,South,1,2767.9,False,
100296,2026-03-05,Canvas Slip-On,CNV-006,East,1,2420.64,False,
100297,2026-07-02,Canvas Slip-On,CNV-006,South,1,1755.8,False,
100298,2026-06-25,Hemp Espadrille,HMP-005,East,1,2736.85,True,Size issue
100299,2026-07-17,Canvas Slip-On,CNV-006,East,1,2649.44,False,
100300,2026-06-08,Canvas Slip-On,CNV-006,North,1,2461.86,False,
100301,2026-04-18,Bamboo Fiber Sneaker,BFS-002,West,2,1608.46,True,Late delivery
100302,2026-05-30,Cork Sandal,CRK-004,West,1,2009.29,False,
100303,2026-04-30,Canvas Slip-On,CNV-006,East,2,1695.15,False,
100304,2026-04-23,Hemp Espadrille,HMP-005,North,1,2198.71,False,
100305,2026-02-25,Bamboo Fiber Sneaker,BFS-002,South,1,1934.32,False,
100306,2026-04-05,Hemp Espadrille,HMP-005,West,1,2719.22,False,
100307,2026-03-21,Canvas Slip-On,CNV-006,East,1,2246.4,False,
100308,2026-06-08,Cork Sandal,CRK-004,East,1,1634.07,False,
100309,2026-03-28,Cork Sandal,CRK-004,South,1,1571.99,False,
100310,2026-04-15,Hemp Espadrille,HMP-005,West,1,2769.76,False,
100311,2026-05-15,Recycled PET Runner,RPR-003,East,1,1566.86,True,Wrong item
100312,2026-06-22,Bamboo Fiber Sneaker,BFS-002,East,1,1609.3,False,
100313,2026-07-10,Hemp Espadrille,HMP-005,East,1,1692.0,False,
100314,2026-06-23,Recycled PET Runner,RPR-003,East,1,2631.45,False,
100315,2026-06-09,Hemp Espadrille,HMP-005,West,1,1566.96,False,
100316,2026-06-13,Recycled PET Runner,RPR-003,West,2,1722.41,False,
100317,2026-07-07,Bamboo Fiber Sneaker,BFS-002,East,1,1742.75,False,
100318,2026-07-02,Canvas Slip-On,CNV-006,East,1,2259.97,False,
100319,2026-06-02,Cork Sandal,CRK-004,East,1,2051.54,False,
100320,2026-07-27,Cork Sandal,CRK-004,East,1,2394.36,False,
100321,2026-02-14,Canvas Slip-On,CNV-006,South,2,1754.77,False,
100322,2026-03-10,Hemp Espadrille,HMP-005,West,1,1546.36,False,
100323,2026-02-05,Merino Wool Loafer,MWL-001,South,2,1969.54,False,
100324,2026-05-17,Canvas Slip-On,CNV-006,South,2,2808.23,False,
100325,2026-06-13,Merino Wool Loafer,MWL-001,South,1,2340.33,False,
100326,2026-04-22,Cork Sandal,CRK-004,West,1,2188.5,False,
100327,2026-07-24,Hemp Espadrille,HMP-005,East,1,2414.11,False,
100328,2026-06-23,Bamboo Fiber Sneaker,BFS-002,East,1,1836.3,False,
100329,2026-07-31,Recycled PET Runner,RPR-003,East,1,2534.36,False,
100330,2026-06-24,Cork Sandal,CRK-004,East,1,1930.68,False,
100331,2026-05-13,Hemp Espadrille,HMP-005,West,1,2930.91,False,
100332,2026-04-15,Recycled PET Runner,RPR-003,North,1,2018.55,False,
100333,2026-03-27,Recycled PET Runner,RPR-003,West,1,2740.93,False,
100334,2026-03-08,Hemp Espadrille,HMP-005,East,1,2422.52,False,
100335,2026-07-22,Bamboo Fiber Sneaker,BFS-002,North,1,2455.92,True,Late delivery
100336,2026-02-26,Recycled PET Runner,RPR-003,West,1,1506.77,False,
100337,2026-07-18,Bamboo Fiber Sneaker,BFS-002,West,2,2215.17,False,
100338,2026-04-15,Recycled PET Runner,RPR-003,East,1,2860.91,False,
100339,2026-06-17,Hemp Espadrille,HMP-005,South,1,2868.84,False,
100340,2026-05-13,Bamboo Fiber Sneaker,BFS-002,North,2,1778.47,False,
100341,2026-02-03,Recycled PET Runner,RPR-003,North,1,2350.94,False,
100342,2026-05-28,Recycled PET Runner,RPR-003,East,2,2832.89,False,
100343,2026-04-11,Hemp Espadrille,HMP-005,West,1,2712.22,False,
100344,2026-07-16,Canvas Slip-On,CNV-006,West,1,2576.9,True,Quality issue
100345,2026-03-17,Recycled PET Runner,RPR-003,South,2,2739.48,False,
100346,2026-07-22,Merino Wool Loafer,MWL-001,West,1,1776.17,True,Size issue
100347,2026-04-08,Bamboo Fiber Sneaker,BFS-002,North,2,1852.28,False,
100348,2026-06-30,Recycled PET Runner,RPR-003,East,1,1891.33,False,
100349,2026-07-21,Bamboo Fiber Sneaker,BFS-002,North,1,2197.09,False,
100350,2026-07-27,Canvas Slip-On,CNV-006,East,1,2457.07,False,
100351,2026-03-29,Recycled PET Runner,RPR-003,South,1,2216.27,False,
100352,2026-05-18,Hemp Espadrille,HMP-005,East,2,2635.03,False,
100353,2026-07-25,Bamboo Fiber Sneaker,BFS-002,South,1,2287.26,False,
100354,2026-06-25,Recycled PET Runner,RPR-003,North,1,1591.64,False,
100355,2026-06-27,Hemp Espadrille,HMP-005,South,1,1745.81,False,
100356,2026-07-25,Cork Sandal,CRK-004,North,1,2574.38,False,
100357,2026-02-15,Hemp Espadrille,HMP-005,West,2,1696.92,False,
100358,2026-06-24,Hemp Espadrille,HMP-005,North,2,2508.15,False,
100359,2026-04-07,Merino Wool Loafer,MWL-001,West,1,2617.71,False,
100360,2026-04-30,Merino Wool Loafer,MWL-001,West,1,2310.75,False,
100361,2026-02-09,Merino Wool Loafer,MWL-001,West,1,2112.3,False,
100362,2026-05-07,Canvas Slip-On,CNV-006,West,2,2171.81,False,
100363,2026-02-21,Cork Sandal,CRK-004,West,1,2479.3,False,
100364,2026-06-16,Bamboo Fiber Sneaker,BFS-002,West,1,2590.79,False,
100365,2026-04-18,Merino Wool Loafer,MWL-001,North,2,2509.25,False,
100366,2026-03-31,Hemp Espadrille,HMP-005,West,1,2189.94,False,
100367,2026-02-09,Bamboo Fiber Sneaker,BFS-002,North,2,2421.38,False,
100368,2026-03-25,Merino Wool Loafer,MWL-001,South,1,1650.35,True,Wrong item
100369,2026-04-04,Canvas Slip-On,CNV-006,North,1,2102.4,False,
100370,2026-03-08,Bamboo Fiber Sneaker,BFS-002,North,1,1850.24,False,
100371,2026-06-28,Hemp Espadrille,HMP-005,East,1,1854.36,False,
100372,2026-05-17,Canvas Slip-On,CNV-006,South,1,1911.73,False,
100373,2026-07-11,Hemp Espadrille,HMP-005,South,2,2332.78,True,Quality issue
100374,2026-06-15,Canvas Slip-On,CNV-006,West,1,2543.46,False,
100375,2026-03-20,Recycled PET Runner,RPR-003,West,2,1860.45,False,
100376,2026-05-30,Canvas Slip-On,CNV-006,South,1,2342.58,False,
100377,2026-05-11,Hemp Espadrille,HMP-005,South,1,1881.49,False,
100378,2026-05-06,Merino Wool Loafer,MWL-001,West,1,2302.45,False,
100379,2026-05-08,Merino Wool Loafer,MWL-001,East,1,2809.43,False,
100380,2026-06-03,Hemp Espadrille,HMP-005,South,1,2803.21,False,
100381,2026-03-21,Merino Wool Loafer,MWL-001,South,1,2619.32,False,
100382,2026-05-13,Bamboo Fiber Sneaker,BFS-002,South,1,2327.12,False,
100383,2026-06-17,Cork Sandal,CRK-004,West,1,1961.63,False,
100384,2026-02-26,Cork Sandal,CRK-004,West,2,2641.44,False,
100385,2026-04-22,Bamboo Fiber Sneaker,BFS-002,East,2,1567.57,False,
100386,2026-02-05,Canvas Slip-On,CNV-006,South,1,2328.97,False,
100387,2026-04-17,Canvas Slip-On,CNV-006,West,1,1793.29,False,
100388,2026-06-08,Hemp Espadrille,HMP-005,South,1,1884.99,False,
100389,2026-05-29,Canvas Slip-On,CNV-006,West,1,2598.16,False,
100390,2026-03-20,Bamboo Fiber Sneaker,BFS-002,West,1,2284.92,False,
100391,2026-02-02,Merino Wool Loafer,MWL-001,North,2,1705.24,False,
100392,2026-02-03,Merino Wool Loafer,MWL-001,South,1,2257.6,False,
100393,2026-07-19,Hemp Espadrille,HMP-005,West,2,1522.6,False,
100394,2026-02-05,Cork Sandal,CRK-004,North,1,2302.61,False,
100395,2026-03-18,Hemp Espadrille,HMP-005,West,1,2876.07,False,
100396,2026-07-09,Bamboo Fiber Sneaker,BFS-002,South,1,2721.82,False,
100397,2026-05-07,Cork Sandal,CRK-004,North,2,2187.5,False,
100398,2026-04-18,Canvas Slip-On,CNV-006,South,1,2479.6,False,
100399,2026-05-15,Merino Wool Loafer,MWL-001,North,2,2064.75,False,
100400,2026-07-30,Canvas Slip-On,CNV-006,North,1,1623.03,False,
100401,2026-06-25,Canvas Slip-On,CNV-006,East,1,2841.19,False,
100402,2026-07-28,Bamboo Fiber Sneaker,BFS-002,South,2,1905.64,False,
100403,2026-06-20,Canvas Slip-On,CNV-006,East,1,1768.03,False,
100404,2026-07-01,Merino Wool Loafer,MWL-001,South,1,2627.38,False,
100405,2026-03-14,Merino Wool Loafer,MWL-001,East,1,2349.04,False,
100406,2026-05-10,Canvas Slip-On,CNV-006,East,1,2684.75,False,
100407,2026-02-14,Merino Wool Loafer,MWL-001,East,1,2154.63,False,
100408,2026-04-25,Recycled PET Runner,RPR-003,West,1,2450.18,False,
100409,2026-03-31,Cork Sandal,CRK-004,West,1,2328.56,False,
100410,2026-02-22,Bamboo Fiber Sneaker,BFS-002,West,1,2696.08,False,
100411,2026-03-12,Merino Wool Loafer,MWL-001,East,2,2566.52,False,
100412,2026-04-23,Canvas Slip-On,CNV-006,West,1,1658.83,True,Quality issue
100413,2026-04-11,Cork Sandal,CRK-004,East,1,1697.76,False,
100414,2026-02-27,Cork Sandal,CRK-004,West,1,1633.43,False,
100415,2026-05-10,Hemp Espadrille,HMP-005,East,1,1936.77,False,
100416,2026-06-27,Merino Wool Loafer,MWL-001,South,1,2526.97,False,
100417,2026-04-10,Recycled PET Runner,RPR-003,East,2,1717.9,False,
100418,2026-04-18,Recycled PET Runner,RPR-003,West,2,2673.0,False,
100419,2026-07-03,Bamboo Fiber Sneaker,BFS-002,West,1,2185.79,False,
100420,2026-04-27,Merino Wool Loafer,MWL-001,West,2,2705.11,False,
100421,2026-07-17,Recycled PET Runner,RPR-003,West,1,1949.65,False,
100422,2026-06-03,Canvas Slip-On,CNV-006,South,1,1765.46,False,
100423,2026-07-28,Recycled PET Runner,RPR-003,East,2,2950.64,False,
100424,2026-04-13,Recycled PET Runner,RPR-003,West,2,2046.52,False,
100425,2026-07-25,Bamboo Fiber Sneaker,BFS-002,South,1,2928.51,False,
100426,2026-05-24,Canvas Slip-On,CNV-006,South,1,2745.92,False,
100427,2026-03-08,Cork Sandal,CRK-004,West,1,1862.03,False,
100428,2026-05-08,Canvas Slip-On,CNV-006,West,1,2172.6,False,
100429,2026-06-17,Hemp Espadrille,HMP-005,West,2,2314.47,False,
100430,2026-02-28,Recycled PET Runner,RPR-003,North,1,2485.4,False,
100431,2026-06-25,Canvas Slip-On,CNV-006,North,2,2949.22,False,
100432,2026-02-03,Cork Sandal,CRK-004,North,1,1887.11,False,
100433,2026-05-26,Hemp Espadrille,HMP-005,South,1,2085.7,False,
100434,2026-04-30,Hemp Espadrille,HMP-005,South,1,2223.16,False,
100435,2026-03-09,Merino Wool Loafer,MWL-001,North,1,1966.84,False,
100436,2026-05-01,Bamboo Fiber Sneaker,BFS-002,West,2,1645.43,False,
100437,2026-02-18,Cork Sandal,CRK-004,East,1,1566.02,False,
100438,2026-07-16,Merino Wool Loafer,MWL-001,East,1,2514.71,False,
100439,2026-06-22,Bamboo Fiber Sneaker,BFS-002,South,1,1995.48,False,
100440,2026-05-15,Cork Sandal,CRK-004,South,1,1778.58,False,
100441,2026-07-08,Cork Sandal,CRK-004,North,1,2173.36,False,
100442,2026-03-25,Merino Wool Loafer,MWL-001,South,1,2627.49,False,
100443,2026-06-18,Merino Wool Loafer,MWL-001,North,1,2047.69,False,
100444,2026-07-22,Merino Wool Loafer,MWL-001,East,2,2290.57,False,
100445,2026-07-01,Hemp Espadrille,HMP-005,West,1,2020.89,False,
100446,2026-07-23,Hemp Espadrille,HMP-005,South,1,2877.02,False,
100447,2026-04-22,Canvas Slip-On,CNV-006,South,1,1856.86,False,
100448,2026-06-11,Recycled PET Runner,RPR-003,South,2,2126.36,False,
100449,2026-03-20,Cork Sandal,CRK-004,West,2,2452.25,False,
100450,2026-06-23,Canvas Slip-On,CNV-006,South,1,2233.46,False,
100451,2026-07-09,Recycled PET Runner,RPR-003,West,1,2797.28,False,
100452,2026-03-22,Cork Sandal,CRK-004,South,2,2944.74,False,
100453,2026-07-26,Cork Sandal,CRK-004,West,2,2122.45,False,
100454,2026-02-22,Cork Sandal,CRK-004,South,1,2692.82,False,
100455,2026-03-30,Merino Wool Loafer,MWL-001,East,1,1751.31,False,
100456,2026-06-21,Canvas Slip-On,CNV-006,West,1,2358.07,False,
100457,2026-06-19,Hemp Espadrille,HMP-005,East,1,2639.01,False,
100458,2026-02-27,Bamboo Fiber Sneaker,BFS-002,West,1,1945.56,False,
100459,2026-05-01,Cork Sandal,CRK-004,East,1,2157.6,False,
100460,2026-07-01,Bamboo Fiber Sneaker,BFS-002,South,1,2790.57,False,
100461,2026-07-08,Cork Sandal,CRK-004,South,1,2676.27,False,
100462,2026-06-17,Merino Wool Loafer,MWL-001,East,1,2394.29,False,
100463,2026-04-16,Canvas Slip-On,CNV-006,East,1,2927.6,False,
100464,2026-03-07,Canvas Slip-On,CNV-006,North,2,2877.15,False,
100465,2026-07-30,Canvas Slip-On,CNV-006,South,1,1873.52,False,
100466,2026-06-06,Bamboo Fiber Sneaker,BFS-002,West,1,2365.14,False,
100467,2026-05-27,Cork Sandal,CRK-004,West,1,2449.44,False,
100468,2026-06-12,Merino Wool Loafer,MWL-001,West,1,2541.06,False,
100469,2026-04-25,Cork Sandal,CRK-004,West,1,2802.36,False,
100470,2026-07-13,Merino Wool Loafer,MWL-001,West,1,2774.16,False,
100471,2026-06-07,Cork Sandal,CRK-004,South,1,1983.3,False,
100472,2026-06-25,Hemp Espadrille,HMP-005,South,2,2681.46,False,
100473,2026-02-26,Merino Wool Loafer,MWL-001,North,2,1523.42,False,
100474,2026-05-28,Bamboo Fiber Sneaker,BFS-002,West,1,2986.76,False,
100475,2026-07-17,Canvas Slip-On,CNV-006,South,1,1737.47,False,
100476,2026-07-18,Recycled PET Runner,RPR-003,North,1,1874.58,False,
100477,2026-02-14,Canvas Slip-On,CNV-006,South,2,2437.41,False,
100478,2026-07-18,Bamboo Fiber Sneaker,BFS-002,West,1,2554.55,True,Late delivery
100479,2026-07-02,Merino Wool Loafer,MWL-001,South,1,2278.17,True,Size issue
100480,2026-05-20,Recycled PET Runner,RPR-003,North,1,2215.55,False,
100481,2026-02-27,Merino Wool Loafer,MWL-001,North,1,2050.34,False,
100482,2026-07-15,Cork Sandal,CRK-004,South,1,1601.62,False,
100483,2026-05-24,Hemp Espadrille,HMP-005,South,1,2582.65,False,
100484,2026-07-08,Bamboo Fiber Sneaker,BFS-002,West,2,2788.94,False,
100485,2026-03-04,Merino Wool Loafer,MWL-001,South,2,2026.3,False,
100486,2026-04-12,Bamboo Fiber Sneaker,BFS-002,South,1,1871.25,False,
100487,2026-07-27,Canvas Slip-On,CNV-006,East,1,2770.84,False,
100488,2026-06-13,Recycled PET Runner,RPR-003,South,1,2620.77,False,
100489,2026-06-07,Merino Wool Loafer,MWL-001,South,2,1668.12,False,
100490,2026-06-16,Hemp Espadrille,HMP-005,North,1,2979.32,False,
100491,2026-06-26,Bamboo Fiber Sneaker,BFS-002,West,2,2047.12,False,
100492,2026-02-05,Cork Sandal,CRK-004,North,1,1519.69,False,
100493,2026-06-10,Merino Wool Loafer,MWL-001,West,1,2441.86,False,
100494,2026-07-30,Cork Sandal,CRK-004,West,2,1622.64,False,
100495,2026-04-13,Hemp Espadrille,HMP-005,South,1,1963.86,False,
100496,2026-06-18,Bamboo Fiber Sneaker,BFS-002,South,1,2085.1,False,
100497,2026-04-21,Canvas Slip-On,CNV-006,North,2,2593.94,False,
100498,2026-02-23,Merino Wool Loafer,MWL-001,South,2,1672.98,False,
100499,2026-07-21,Merino Wool Loafer,MWL-001,East,1,1678.16,False,
100500,2026-04-30,Bamboo Fiber Sneaker,BFS-002,West,1,1749.44,False,
100501,2026-02-08,Recycled PET Runner,RPR-003,North,1,2709.66,False,
100502,2026-06-28,Merino Wool Loafer,MWL-001,East,1,2243.22,False,
100503,2026-06-26,Merino Wool Loafer,MWL-001,West,1,2050.53,False,
100504,2026-03-31,Merino Wool Loafer,MWL-001,North,1,1565.06,False,
100505,2026-06-01,Bamboo Fiber Sneaker,BFS-002,North,1,2073.47,False,
100506,2026-03-30,Merino Wool Loafer,MWL-001,West,1,1871.39,False,
100507,2026-02-20,Recycled PET Runner,RPR-003,East,1,1678.1,False,
100508,2026-03-30,Merino Wool Loafer,MWL-001,South,1,2930.12,False,
100509,2026-04-21,Cork Sandal,CRK-004,East,1,1628.58,False,
100510,2026-04-16,Recycled PET Runner,RPR-003,South,1,2608.36,False,
100511,2026-03-23,Recycled PET Runner,RPR-003,West,1,1724.85,False,
100512,2026-06-19,Merino Wool Loafer,MWL-001,South,1,2452.91,False,
100513,2026-02-01,Merino Wool Loafer,MWL-001,East,2,2772.51,False,
100514,2026-06-16,Merino Wool Loafer,MWL-001,South,1,2128.72,False,
100515,2026-02-24,Bamboo Fiber Sneaker,BFS-002,East,1,2880.91,False,
100516,2026-07-30,Hemp Espadrille,HMP-005,West,1,2186.69,False,
100517,2026-06-10,Hemp Espadrille,HMP-005,North,1,2454.82,False,
100518,2026-05-23,Hemp Espadrille,HMP-005,North,1,1854.16,False,
100519,2026-07-30,Recycled PET Runner,RPR-003,West,1,1976.09,False,
100520,2026-03-07,Merino Wool Loafer,MWL-001,South,1,1732.12,False,
100521,2026-05-16,Cork Sandal,CRK-004,East,1,2302.89,False,
100522,2026-04-20,Bamboo Fiber Sneaker,BFS-002,West,2,1896.51,False,
100523,2026-07-31,Bamboo Fiber Sneaker,BFS-002,East,1,1821.53,False,
100524,2026-04-05,Bamboo Fiber Sneaker,BFS-002,North,1,2093.37,True,Quality issue
100525,2026-02-08,Recycled PET Runner,RPR-003,South,2,2780.9,False,
100526,2026-02-25,Hemp Espadrille,HMP-005,South,2,1651.86,False,
100527,2026-02-16,Merino Wool Loafer,MWL-001,North,1,1695.07,False,
100528,2026-06-30,Recycled PET Runner,RPR-003,North,1,2875.14,False,
100529,2026-07-16,Merino Wool Loafer,MWL-001,South,2,2712.95,False,
100530,2026-02-11,Recycled PET Runner,RPR-003,North,2,1574.96,False,
100531,2026-06-08,Cork Sandal,CRK-004,West,1,2073.09,False,
100532,2026-03-20,Recycled PET Runner,RPR-003,South,1,1918.78,False,
100533,2026-07-16,Merino Wool Loafer,MWL-001,South,1,2247.34,False,
100534,2026-05-10,Merino Wool Loafer,MWL-001,East,1,2127.85,False,
100535,2026-07-12,Hemp Espadrille,HMP-005,South,1,2983.11,False,
100536,2026-06-20,Recycled PET Runner,RPR-003,West,2,2015.05,False,
100537,2026-04-11,Recycled PET Runner,RPR-003,West,1,1538.09,False,
100538,2026-02-15,Merino Wool Loafer,MWL-001,East,2,2293.15,False,
100539,2026-02-26,Bamboo Fiber Sneaker,BFS-002,South,1,2484.3,False,
100540,2026-03-29,Canvas Slip-On,CNV-006,North,2,2031.21,False,
100541,2026-04-02,Bamboo Fiber Sneaker,BFS-002,South,1,2708.32,False,
100542,2026-07-31,Hemp Espadrille,HMP-005,North,1,2920.34,False,
100543,2026-06-07,Hemp Espadrille,HMP-005,South,1,1762.34,True,Size issue
100544,2026-02-06,Bamboo Fiber Sneaker,BFS-002,South,2,1500.03,False,
100545,2026-04-29,Bamboo Fiber Sneaker,BFS-002,South,1,2877.17,False,
100546,2026-02-06,Recycled PET Runner,RPR-003,North,1,2378.91,False,
100547,2026-02-19,Merino Wool Loafer,MWL-001,East,1,2555.81,False,
100548,2026-04-28,Hemp Espadrille,HMP-005,North,1,1982.9,False,
100549,2026-07-14,Canvas Slip-On,CNV-006,West,2,2472.77,False,
100550,2026-03-30,Hemp Espadrille,HMP-005,East,1,2066.58,False,
100551,2026-03-18,Recycled PET Runner,RPR-003,South,1,2922.18,False,
100552,2026-03-19,Cork Sandal,CRK-004,North,1,2880.56,False,
100553,2026-06-08,Bamboo Fiber Sneaker,BFS-002,North,1,1995.75,False,
100554,2026-03-15,Recycled PET Runner,RPR-003,East,1,2731.49,False,
100555,2026-05-26,Canvas Slip-On,CNV-006,East,1,1896.82,False,
100556,2026-04-07,Merino Wool Loafer,MWL-001,East,1,2579.62,True,Late delivery
100557,2026-03-15,Canvas Slip-On,CNV-006,West,2,2238.62,False,
100558,2026-02-26,Hemp Espadrille,HMP-005,West,2,2682.09,False,
100559,2026-03-14,Canvas Slip-On,CNV-006,South,2,1609.56,False,
100560,2026-04-23,Recycled PET Runner,RPR-003,North,1,2926.49,False,
100561,2026-03-14,Bamboo Fiber Sneaker,BFS-002,West,1,2319.57,False,
100562,2026-07-03,Merino Wool Loafer,MWL-001,East,2,2555.76,False,
100563,2026-03-13,Hemp Espadrille,HMP-005,West,1,1650.89,False,
100564,2026-07-29,Bamboo Fiber Sneaker,BFS-002,West,1,2489.9,False,
100565,2026-05-12,Merino Wool Loafer,MWL-001,North,2,1729.38,False,
100566,2026-04-17,Cork Sandal,CRK-004,North,2,1798.51,True,Changed mind
100567,2026-02-21,Canvas Slip-On,CNV-006,East,2,2764.65,False,
100568,2026-06-06,Cork Sandal,CRK-004,West,1,1635.71,False,
100569,2026-05-09,Bamboo Fiber Sneaker,BFS-002,East,1,1778.87,True,Late delivery
100570,2026-03-30,Cork Sandal,CRK-004,East,1,2345.37,False,
100571,2026-02-22,Canvas Slip-On,CNV-006,North,1,2711.27,False,
100572,2026-06-22,Hemp Espadrille,HMP-005,South,1,2760.2,False,
100573,2026-06-27,Cork Sandal,CRK-004,West,1,2213.39,False,
100574,2026-06-09,Canvas Slip-On,CNV-006,North,1,1679.42,False,
100575,2026-03-27,Bamboo Fiber Sneaker,BFS-002,South,1,1688.28,False,
100576,2026-03-24,Canvas Slip-On,CNV-006,West,1,2750.16,False,
100577,2026-02-23,Canvas Slip-On,CNV-006,North,2,2333.55,False,
100578,2026-02-04,Recycled PET Runner,RPR-003,West,2,1667.78,False,
100579,2026-02-28,Hemp Espadrille,HMP-005,North,1,2677.62,False,
100580,2026-04-09,Recycled PET Runner,RPR-003,West,2,2481.18,False,
100581,2026-03-17,Cork Sandal,CRK-004,North,1,2103.46,False,
100582,2026-02-10,Canvas Slip-On,CNV-006,West,2,2833.36,False,
100583,2026-06-02,Bamboo Fiber Sneaker,BFS-002,North,1,2844.55,True,Quality issue
100584,2026-06-06,Recycled PET Runner,RPR-003,East,1,2957.74,False,
100585,2026-04-24,Recycled PET Runner,RPR-003,West,1,2592.2,False,
100586,2026-05-25,Merino Wool Loafer,MWL-001,South,1,2869.15,False,
100587,2026-02-15,Cork Sandal,CRK-004,East,1,1597.43,False,
100588,2026-06-15,Cork Sandal,CRK-004,South,1,1759.61,False,
100589,2026-04-05,Bamboo Fiber Sneaker,BFS-002,North,1,2183.67,False,
100590,2026-04-12,Canvas Slip-On,CNV-006,South,1,2734.26,False,
100591,2026-07-25,Canvas Slip-On,CNV-006,North,1,1861.91,False,
100592,2026-06-02,Cork Sandal,CRK-004,South,1,2015.37,False,
100593,2026-04-14,Recycled PET Runner,RPR-003,North,1,2078.85,False,
100594,2026-03-29,Hemp Espadrille,HMP-005,South,1,2515.54,False,
100595,2026-07-25,Cork Sandal,CRK-004,North,1,2210.15,False,
100596,2026-03-30,Bamboo Fiber Sneaker,BFS-002,North,1,2411.52,False,
100597,2026-05-20,Canvas Slip-On,CNV-006,East,2,2776.38,False,
100598,2026-04-19,Bamboo Fiber Sneaker,BFS-002,West,2,2375.73,True,Quality issue
100599,2026-04-18,Hemp Espadrille,HMP-005,East,1,2221.61,False,
100600,2026-04-12,Recycled PET Runner,RPR-003,East,1,2483.18,False,
100601,2026-03-21,Canvas Slip-On,CNV-006,East,1,2274.94,False,
100602,2026-07-20,Merino Wool Loafer,MWL-001,West,1,2520.13,False,
100603,2026-05-19,Recycled PET Runner,RPR-003,East,2,2081.41,True,Wrong item
100604,2026-03-29,Bamboo Fiber Sneaker,BFS-002,East,2,2858.79,False,
100605,2026-03-16,Hemp Espadrille,HMP-005,East,1,1939.68,False,
100606,2026-06-24,Canvas Slip-On,CNV-006,East,1,2919.39,False,
100607,2026-03-29,Canvas Slip-On,CNV-006,North,1,1833.99,False,
100608,2026-05-07,Cork Sandal,CRK-004,East,1,2377.36,False,
100609,2026-02-14,Merino Wool Loafer,MWL-001,West,1,2207.33,False,
100610,2026-06-16,Merino Wool Loafer,MWL-001,West,1,2118.66,False,
100611,2026-03-24,Bamboo Fiber Sneaker,BFS-002,South,1,2112.79,False,
100612,2026-04-22,Cork Sandal,CRK-004,South,1,2667.41,False,
100613,2026-04-22,Canvas Slip-On,CNV-006,South,1,1506.07,False,
100614,2026-06-06,Bamboo Fiber Sneaker,BFS-002,South,1,1693.11,False,
100615,2026-05-21,Cork Sandal,CRK-004,West,2,2073.97,True,Changed mind
100616,2026-02-04,Canvas Slip-On,CNV-006,East,1,2634.27,False,
100617,2026-07-11,Merino Wool Loafer,MWL-001,North,1,1838.4,True,Size issue
100618,2026-06-09,Merino Wool Loafer,MWL-001,West,1,1749.53,False,
100619,2026-05-28,Recycled PET Runner,RPR-003,East,1,2149.5,False,
100620,2026-06-06,Bamboo Fiber Sneaker,BFS-002,East,1,2624.17,False,
100621,2026-03-31,Cork Sandal,CRK-004,North,1,2589.75,False,
100622,2026-07-01,Canvas Slip-On,CNV-006,North,1,1683.74,False,
100623,2026-07-14,Merino Wool Loafer,MWL-001,West,1,2655.87,False,
100624,2026-07-18,Merino Wool Loafer,MWL-001,North,1,1571.35,False,
100625,2026-06-02,Merino Wool Loafer,MWL-001,East,1,1807.24,False,
100626,2026-05-19,Merino Wool Loafer,MWL-001,East,1,2492.72,False,
100627,2026-05-19,Hemp Espadrille,HMP-005,South,1,2266.38,False,
100628,2026-02-28,Recycled PET Runner,RPR-003,North,2,1796.97,False,
100629,2026-05-03,Recycled PET Runner,RPR-003,South,2,1942.03,True,Late delivery
100630,2026-04-26,Bamboo Fiber Sneaker,BFS-002,West,1,1503.11,False,
100631,2026-03-11,Merino Wool Loafer,MWL-001,West,1,2668.29,False,
100632,2026-04-07,Canvas Slip-On,CNV-006,North,1,2184.13,False,
100633,2026-02-13,Recycled PET Runner,RPR-003,West,1,2718.77,False,
100634,2026-07-24,Recycled PET Runner,RPR-003,East,1,2137.99,False,
100635,2026-03-08,Merino Wool Loafer,MWL-001,North,1,1991.99,False,
100636,2026-02-24,Hemp Espadrille,HMP-005,East,1,2721.45,False,
100637,2026-05-28,Cork Sandal,CRK-004,West,1,2752.56,False,
100638,2026-07-17,Cork Sandal,CRK-004,West,1,1668.58,False,
100639,2026-02-27,Merino Wool Loafer,MWL-001,South,2,2865.84,False,
100640,2026-03-19,Hemp Espadrille,HMP-005,West,2,2667.75,False,
100641,2026-06-04,Canvas Slip-On,CNV-006,South,2,1668.41,False,
100642,2026-04-08,Merino Wool Loafer,MWL-001,North,1,1517.54,False,
100643,2026-07-22,Hemp Espadrille,HMP-005,South,1,2277.65,False,
100644,2026-05-22,Hemp Espadrille,HMP-005,North,1,2221.89,False,
100645,2026-03-11,Canvas Slip-On,CNV-006,West,1,1516.47,False,
100646,2026-06-07,Hemp Espadrille,HMP-005,West,1,1611.3,False,
100647,2026-04-13,Bamboo Fiber Sneaker,BFS-002,East,1,2259.39,False,
100648,2026-04-02,Cork Sandal,CRK-004,West,1,2187.64,False,
100649,2026-06-08,Cork Sandal,CRK-004,North,2,1973.09,False,
100650,2026-02-27,Canvas Slip-On,CNV-006,North,2,2117.51,False,
100651,2026-07-05,Merino Wool Loafer,MWL-001,North,1,2834.17,False,
100652,2026-05-05,Cork Sandal,CRK-004,East,1,2723.88,False,
100653,2026-07-19,Recycled PET Runner,RPR-003,West,1,2572.87,False,
100654,2026-02-01,Canvas Slip-On,CNV-006,South,1,2031.71,False,
100655,2026-07-30,Recycled PET Runner,RPR-003,East,1,1567.67,False,
100656,2026-02-28,Bamboo Fiber Sneaker,BFS-002,West,1,2415.28,False,
100657,2026-05-29,Cork Sandal,CRK-004,South,1,2574.18,False,
100658,2026-07-13,Cork Sandal,CRK-004,North,1,2657.22,False,
100659,2026-06-08,Canvas Slip-On,CNV-006,South,1,2294.55,True,Late delivery
100660,2026-06-11,Hemp Espadrille,HMP-005,West,1,2536.73,False,
100661,2026-05-11,Bamboo Fiber Sneaker,BFS-002,North,1,2255.17,False,
100662,2026-04-12,Hemp Espadrille,HMP-005,South,2,2944.39,False,
100663,2026-03-08,Cork Sandal,CRK-004,South,2,2402.79,False,
100664,2026-07-30,Hemp Espadrille,HMP-005,East,1,2566.81,False,
100665,2026-03-24,Canvas Slip-On,CNV-006,South,1,2435.25,False,
100666,2026-07-17,Recycled PET Runner,RPR-003,South,1,2254.84,False,
100667,2026-05-02,Recycled PET Runner,RPR-003,North,2,2373.21,False,
100668,2026-07-23,Canvas Slip-On,CNV-006,West,1,2815.22,False,
100669,2026-02-07,Merino Wool Loafer,MWL-001,North,2,1716.99,False,
100670,2026-03-14,Bamboo Fiber Sneaker,BFS-002,East,1,2524.09,False,
100671,2026-03-25,Merino Wool Loafer,MWL-001,East,1,2037.02,False,
100672,2026-07-16,Hemp Espadrille,HMP-005,South,2,1855.39,False,
100673,2026-07-28,Canvas Slip-On,CNV-006,East,1,2888.73,False,
100674,2026-06-22,Canvas Slip-On,CNV-006,East,1,1518.45,False,
100675,2026-03-30,Hemp Espadrille,HMP-005,West,1,2631.66,False,
100676,2026-03-22,Hemp Espadrille,HMP-005,South,1,2172.22,False,
100677,2026-03-17,Merino Wool Loafer,MWL-001,South,1,2064.8,False,
100678,2026-03-06,Hemp Espadrille,HMP-005,East,1,2374.98,False,
100679,2026-03-12,Recycled PET Runner,RPR-003,West,1,1729.56,False,
100680,2026-06-06,Merino Wool Loafer,MWL-001,East,1,1608.32,False,
100681,2026-03-20,Hemp Espadrille,HMP-005,South,1,2678.39,False,
100682,2026-02-24,Hemp Espadrille,HMP-005,West,1,1830.8,False,
100683,2026-05-04,Recycled PET Runner,RPR-003,East,1,1826.67,False,
100684,2026-06-24,Hemp Espadrille,HMP-005,West,1,1671.08,False,
100685,2026-02-11,Bamboo Fiber Sneaker,BFS-002,South,1,2071.06,False,
100686,2026-04-07,Merino Wool Loafer,MWL-001,West,1,1536.06,False,
100687,2026-06-05,Recycled PET Runner,RPR-003,West,1,1943.65,False,
100688,2026-02-25,Recycled PET Runner,RPR-003,North,1,2956.44,False,
100689,2026-07-11,Hemp Espadrille,HMP-005,North,1,1815.17,False,
100690,2026-02-27,Bamboo Fiber Sneaker,BFS-002,West,1,2305.63,False,
100691,2026-07-16,Canvas Slip-On,CNV-006,West,1,2619.34,False,
100692,2026-02-10,Cork Sandal,CRK-004,East,1,1608.87,False,
100693,2026-06-28,Recycled PET Runner,RPR-003,North,1,2865.48,False,
100694,2026-05-22,Cork Sandal,CRK-004,West,1,1524.34,False,
100695,2026-07-15,Hemp Espadrille,HMP-005,North,1,2632.94,False,
100696,2026-05-03,Canvas Slip-On,CNV-006,North,1,1933.75,False,
100697,2026-04-14,Hemp Espadrille,HMP-005,North,2,2071.12,False,
100698,2026-03-13,Merino Wool Loafer,MWL-001,West,1,1703.57,False,
100699,2026-07-13,Hemp Espadrille,HMP-005,East,1,1946.08,False,
100700,2026-02-03,Canvas Slip-On,CNV-006,East,1,1683.85,True,Wrong item
100701,2026-04-20,Cork Sandal,CRK-004,North,1,2621.44,False,
100702,2026-05-17,Recycled PET Runner,RPR-003,South,1,1740.43,False,
100703,2026-03-02,Recycled PET Runner,RPR-003,South,1,2505.47,False,
100704,2026-07-16,Merino Wool Loafer,MWL-001,West,1,1934.98,True,Size issue
100705,2026-04-26,Canvas Slip-On,CNV-006,West,1,1691.32,False,
100706,2026-07-09,Merino Wool Loafer,MWL-001,East,1,2849.18,False,
100707,2026-07-28,Hemp Espadrille,HMP-005,East,1,2347.33,False,
100708,2026-03-16,Recycled PET Runner,RPR-003,West,1,1968.82,False,
100709,2026-04-12,Canvas Slip-On,CNV-006,West,1,1700.46,False,
100710,2026-05-26,Cork Sandal,CRK-004,West,1,2661.15,False,
100711,2026-07-16,Merino Wool Loafer,MWL-001,South,1,2761.69,True,Size issue
100712,2026-04-09,Hemp Espadrille,HMP-005,South,1,2590.14,False,
100713,2026-06-29,Hemp Espadrille,HMP-005,North,2,2652.8,False,
100714,2026-06-20,Merino Wool Loafer,MWL-001,East,2,2479.86,False,
100715,2026-07-01,Cork Sandal,CRK-004,South,1,1699.82,False,
100716,2026-05-05,Merino Wool Loafer,MWL-001,West,1,2493.02,False,
100717,2026-06-12,Hemp Espadrille,HMP-005,South,1,2168.33,False,
100718,2026-06-04,Hemp Espadrille,HMP-005,South,1,1559.63,False,
100719,2026-04-09,Bamboo Fiber Sneaker,BFS-002,North,1,1850.03,False,
100720,2026-05-11,Hemp Espadrille,HMP-005,East,2,2875.85,False,
100721,2026-02-27,Merino Wool Loafer,MWL-001,East,1,2751.31,False,
100722,2026-05-08,Hemp Espadrille,HMP-005,South,2,2046.95,False,
100723,2026-05-08,Merino Wool Loafer,MWL-001,East,1,2273.56,False,
100724,2026-06-04,Recycled PET Runner,RPR-003,West,1,2251.76,False,
100725,2026-02-20,Bamboo Fiber Sneaker,BFS-002,South,1,1816.28,False,
100726,2026-07-20,Recycled PET Runner,RPR-003,North,1,2120.92,False,
100727,2026-07-23,Merino Wool Loafer,MWL-001,West,2,2217.53,False,
100728,2026-04-04,Cork Sandal,CRK-004,North,1,1690.83,False,
100729,2026-06-27,Bamboo Fiber Sneaker,BFS-002,North,1,1582.87,False,
100730,2026-07-04,Bamboo Fiber Sneaker,BFS-002,West,1,2816.76,False,
100731,2026-03-28,Recycled PET Runner,RPR-003,North,2,2408.79,False,
100732,2026-03-29,Cork Sandal,CRK-004,South,2,2400.26,False,
100733,2026-03-15,Bamboo Fiber Sneaker,BFS-002,East,1,2882.53,False,
100734,2026-05-08,Merino Wool Loafer,MWL-001,South,2,1697.32,True,Wrong item
100735,2026-03-11,Hemp Espadrille,HMP-005,West,1,1765.13,False,
100736,2026-06-17,Hemp Espadrille,HMP-005,North,1,1638.78,False,
100737,2026-07-24,Hemp Espadrille,HMP-005,North,2,2282.07,False,
100738,2026-03-31,Merino Wool Loafer,MWL-001,West,2,2683.33,False,
100739,2026-05-20,Hemp Espadrille,HMP-005,North,1,1880.78,False,
100740,2026-07-04,Merino Wool Loafer,MWL-001,East,2,1885.71,False,
100741,2026-06-14,Merino Wool Loafer,MWL-001,North,1,2061.54,False,
100742,2026-05-04,Recycled PET Runner,RPR-003,West,1,1731.17,False,
100743,2026-06-18,Recycled PET Runner,RPR-003,East,2,2346.01,False,
100744,2026-03-25,Canvas Slip-On,CNV-006,West,2,2327.16,False,
100745,2026-06-24,Bamboo Fiber Sneaker,BFS-002,East,2,1879.67,False,
100746,2026-03-08,Recycled PET Runner,RPR-003,West,1,2620.72,False,
100747,2026-02-26,Canvas Slip-On,CNV-006,South,1,2261.52,False,
100748,2026-03-14,Hemp Espadrille,HMP-005,North,2,2945.86,True,Size issue
100749,2026-07-04,Bamboo Fiber Sneaker,BFS-002,West,2,1631.21,False,
100750,2026-07-06,Recycled PET Runner,RPR-003,North,1,2585.74,False,
100751,2026-07-03,Cork Sandal,CRK-004,East,1,2917.57,False,
100752,2026-05-24,Canvas Slip-On,CNV-006,West,1,1801.56,False,
100753,2026-03-22,Hemp Espadrille,HMP-005,East,1,2674.94,False,
100754,2026-07-08,Canvas Slip-On,CNV-006,South,1,2510.04,False,
100755,2026-03-13,Canvas Slip-On,CNV-006,North,1,2994.23,False,
100756,2026-05-15,Recycled PET Runner,RPR-003,West,1,2275.61,False,
100757,2026-06-21,Merino Wool Loafer,MWL-001,North,1,2588.21,False,
100758,2026-04-30,Hemp Espadrille,HMP-005,East,1,1838.44,False,
100759,2026-06-28,Cork Sandal,CRK-004,West,1,1890.66,False,
100760,2026-06-09,Merino Wool Loafer,MWL-001,North,1,2008.95,False,
100761,2026-06-18,Hemp Espadrille,HMP-005,East,1,2540.29,False,
100762,2026-04-04,Hemp Espadrille,HMP-005,West,1,2940.86,False,
100763,2026-06-04,Cork Sandal,CRK-004,North,1,1885.73,False,
100764,2026-04-22,Bamboo Fiber Sneaker,BFS-002,South,2,2932.17,False,
100765,2026-04-05,Merino Wool Loafer,MWL-001,East,1,1638.51,False,
100766,2026-06-22,Recycled PET Runner,RPR-003,North,1,2213.83,False,
100767,2026-03-19,Hemp Espadrille,HMP-005,East,1,2247.5,False,
100768,2026-04-09,Canvas Slip-On,CNV-006,South,1,1842.81,False,
100769,2026-03-12,Hemp Espadrille,HMP-005,East,1,1678.82,False,
100770,2026-07-08,Canvas Slip-On,CNV-006,West,1,2645.37,False,
100771,2026-05-07,Merino Wool Loafer,MWL-001,West,1,2237.51,False,
100772,2026-06-06,Hemp Espadrille,HMP-005,East,1,2975.59,False,
100773,2026-03-29,Recycled PET Runner,RPR-003,West,1,1580.22,False,
100774,2026-06-09,Cork Sandal,CRK-004,North,1,2089.58,False,
100775,2026-03-03,Bamboo Fiber Sneaker,BFS-002,West,2,1972.48,True,Changed mind
100776,2026-04-25,Cork Sandal,CRK-004,North,1,2418.17,False,
100777,2026-04-02,Hemp Espadrille,HMP-005,East,1,2206.02,False,
100778,2026-06-08,Recycled PET Runner,RPR-003,South,2,1814.8,False,
100779,2026-05-14,Recycled PET Runner,RPR-003,East,1,2175.09,False,
100780,2026-02-26,Hemp Espadrille,HMP-005,South,1,2705.13,False,
100781,2026-03-10,Cork Sandal,CRK-004,South,1,2208.48,True,Late delivery
100782,2026-07-12,Cork Sandal,CRK-004,South,1,2677.0,False,
100783,2026-05-13,Hemp Espadrille,HMP-005,North,1,2534.81,False,
100784,2026-07-12,Recycled PET Runner,RPR-003,West,1,2173.78,False,
100785,2026-06-24,Recycled PET Runner,RPR-003,East,1,2015.21,False,
100786,2026-06-28,Recycled PET Runner,RPR-003,South,1,2968.06,False,
100787,2026-05-26,Recycled PET Runner,RPR-003,West,1,2070.61,False,
100788,2026-03-15,Canvas Slip-On,CNV-006,South,1,2131.72,False,
100789,2026-02-21,Cork Sandal,CRK-004,North,1,2014.44,False,
100790,2026-04-10,Canvas Slip-On,CNV-006,East,2,1905.87,False,
100791,2026-05-17,Recycled PET Runner,RPR-003,West,1,1774.83,True,Changed mind
100792,2026-07-30,Canvas Slip-On,CNV-006,East,1,1814.86,False,
100793,2026-06-02,Merino Wool Loafer,MWL-001,North,1,1538.55,False,
100794,2026-04-09,Merino Wool Loafer,MWL-001,North,1,1625.47,False,
100795,2026-03-31,Cork Sandal,CRK-004,East,1,2605.39,False,
100796,2026-06-15,Bamboo Fiber Sneaker,BFS-002,South,1,1541.86,False,
100797,2026-05-31,Recycled PET Runner,RPR-003,West,1,2321.82,False,
100798,2026-07-02,Canvas Slip-On,CNV-006,South,2,2445.57,False,
100799,2026-06-15,Hemp Espadrille,HMP-005,West,1,2862.38,False,
100800,2026-05-25,Bamboo Fiber Sneaker,BFS-002,North,1,2047.67,False,
100801,2026-02-01,Recycled PET Runner,RPR-003,North,1,2014.83,False,
100802,2026-06-03,Merino Wool Loafer,MWL-001,West,1,1512.7,False,
100803,2026-02-02,Recycled PET Runner,RPR-003,South,1,1781.86,False,
100804,2026-04-05,Cork Sandal,CRK-004,West,1,2571.41,False,
100805,2026-04-09,Cork Sandal,CRK-004,South,1,2132.36,False,
100806,2026-04-14,Hemp Espadrille,HMP-005,East,1,2118.36,False,
100807,2026-04-16,Bamboo Fiber Sneaker,BFS-002,South,1,2454.34,False,
100808,2026-03-21,Recycled PET Runner,RPR-003,West,1,1528.09,True,Wrong item
100809,2026-02-27,Merino Wool Loafer,MWL-001,South,1,1902.79,False,
100810,2026-04-01,Canvas Slip-On,CNV-006,North,1,1725.03,False,
100811,2026-04-21,Recycled PET Runner,RPR-003,West,2,2995.95,False,
100812,2026-02-21,Merino Wool Loafer,MWL-001,East,1,1583.06,False,
100813,2026-03-19,Merino Wool Loafer,MWL-001,West,1,2842.55,False,
100814,2026-03-04,Cork Sandal,CRK-004,North,1,2076.2,False,
100815,2026-03-23,Bamboo Fiber Sneaker,BFS-002,North,2,2601.98,False,
100816,2026-06-02,Canvas Slip-On,CNV-006,South,2,2521.16,False,
100817,2026-07-12,Recycled PET Runner,RPR-003,South,1,2616.09,False,
100818,2026-06-04,Merino Wool Loafer,MWL-001,East,1,1797.09,False,
100819,2026-03-01,Canvas Slip-On,CNV-006,South,1,2448.36,False,
100820,2026-06-30,Bamboo Fiber Sneaker,BFS-002,East,1,2092.71,False,
100821,2026-07-27,Merino Wool Loafer,MWL-001,West,1,2056.1,True,Size issue
100822,2026-07-11,Merino Wool Loafer,MWL-001,East,1,1588.66,False,
100823,2026-06-05,Merino Wool Loafer,MWL-001,South,1,1974.11,False,
100824,2026-05-24,Canvas Slip-On,CNV-006,East,1,1531.03,False,
100825,2026-04-06,Canvas Slip-On,CNV-006,South,1,2226.95,False,
100826,2026-03-21,Recycled PET Runner,RPR-003,West,1,2314.43,False,
100827,2026-07-04,Cork Sandal,CRK-004,East,1,1602.31,False,
100828,2026-06-19,Recycled PET Runner,RPR-003,East,1,2180.12,False,
100829,2026-03-20,Hemp Espadrille,HMP-005,West,1,2428.6,False,
100830,2026-04-24,Hemp Espadrille,HMP-005,South,1,2486.43,False,
100831,2026-06-15,Cork Sandal,CRK-004,South,2,2647.6,False,
100832,2026-05-16,Recycled PET Runner,RPR-003,East,1,1664.7,False,
100833,2026-03-06,Merino Wool Loafer,MWL-001,North,1,2809.24,False,
100834,2026-02-26,Cork Sandal,CRK-004,South,1,2355.52,False,
100835,2026-06-15,Canvas Slip-On,CNV-006,West,1,1572.63,False,
100836,2026-02-04,Canvas Slip-On,CNV-006,North,1,2482.62,False,
100837,2026-07-14,Merino Wool Loafer,MWL-001,West,1,2040.39,False,
100838,2026-07-08,Recycled PET Runner,RPR-003,North,1,2292.53,False,
100839,2026-03-28,Recycled PET Runner,RPR-003,North,1,1650.84,False,
100840,2026-03-22,Cork Sandal,CRK-004,South,1,2354.04,False,
100841,2026-02-28,Hemp Espadrille,HMP-005,West,1,2510.74,False,
100842,2026-03-15,Cork Sandal,CRK-004,North,1,2323.95,False,
100843,2026-06-17,Canvas Slip-On,CNV-006,South,2,2899.28,False,
100844,2026-05-07,Hemp Espadrille,HMP-005,East,2,2645.28,False,
100845,2026-07-06,Canvas Slip-On,CNV-006,East,1,2343.72,False,
100846,2026-05-04,Hemp Espadrille,HMP-005,East,2,2170.25,False,
100847,2026-04-14,Canvas Slip-On,CNV-006,North,1,2275.41,False,
100848,2026-04-18,Recycled PET Runner,RPR-003,North,1,1821.23,False,
100849,2026-06-22,Canvas Slip-On,CNV-006,East,1,1640.43,False,
100850,2026-04-09,Bamboo Fiber Sneaker,BFS-002,South,1,2833.44,False,
100851,2026-02-24,Recycled PET Runner,RPR-003,East,2,2352.6,False,
100852,2026-06-04,Merino Wool Loafer,MWL-001,East,1,2231.41,False,
100853,2026-07-03,Canvas Slip-On,CNV-006,North,1,1555.06,False,
100854,2026-02-15,Cork Sandal,CRK-004,North,1,2020.9,False,
100855,2026-03-31,Cork Sandal,CRK-004,North,1,2449.83,False,
100856,2026-06-15,Merino Wool Loafer,MWL-001,East,1,1977.97,False,
100857,2026-03-12,Recycled PET Runner,RPR-003,South,1,2509.45,False,
100858,2026-03-29,Cork Sandal,CRK-004,North,2,1933.67,False,
100859,2026-02-22,Bamboo Fiber Sneaker,BFS-002,East,2,2356.16,True,Late delivery
100860,2026-05-14,Recycled PET Runner,RPR-003,North,2,2659.74,False,
100861,2026-06-24,Bamboo Fiber Sneaker,BFS-002,West,1,2230.79,False,
100862,2026-04-04,Bamboo Fiber Sneaker,BFS-002,South,1,1898.39,False,
100863,2026-03-01,Canvas Slip-On,CNV-006,North,2,2134.31,False,
100864,2026-07-03,Recycled PET Runner,RPR-003,East,1,2653.52,False,
100865,2026-07-10,Recycled PET Runner,RPR-003,West,1,2159.7,False,
100866,2026-07-26,Bamboo Fiber Sneaker,BFS-002,South,1,1732.99,False,
100867,2026-02-14,Merino Wool Loafer,MWL-001,North,1,2922.41,False,
100868,2026-04-29,Recycled PET Runner,RPR-003,North,1,1956.68,False,
100869,2026-06-18,Recycled PET Runner,RPR-003,South,1,1804.7,False,
100870,2026-07-10,Recycled PET Runner,RPR-003,West,1,2541.61,False,
100871,2026-04-07,Cork Sandal,CRK-004,North,1,1589.17,False,
100872,2026-02-14,Canvas Slip-On,CNV-006,East,2,2481.14,True,Late delivery
100873,2026-07-20,Canvas Slip-On,CNV-006,East,1,2795.42,True,Late delivery
100874,2026-06-11,Bamboo Fiber Sneaker,BFS-002,West,1,2854.81,False,
100875,2026-03-20,Hemp Espadrille,HMP-005,North,1,2249.98,False,
100876,2026-02-11,Canvas Slip-On,CNV-006,North,1,2882.41,False,
100877,2026-03-13,Cork Sandal,CRK-004,West,1,2019.17,False,
100878,2026-04-02,Canvas Slip-On,CNV-006,East,1,2716.84,False,
100879,2026-06-23,Cork Sandal,CRK-004,North,1,1837.37,False,
100880,2026-02-23,Cork Sandal,CRK-004,South,2,2280.08,False,
100881,2026-05-18,Canvas Slip-On,CNV-006,South,1,2358.35,False,
100882,2026-05-26,Recycled PET Runner,RPR-003,East,1,1809.14,False,
100883,2026-03-08,Hemp Espadrille,HMP-005,South,1,2531.8,False,
100884,2026-03-10,Bamboo Fiber Sneaker,BFS-002,West,1,1975.24,False,
100885,2026-03-20,Canvas Slip-On,CNV-006,North,1,2758.28,False,
100886,2026-05-17,Merino Wool Loafer,MWL-001,East,2,1954.02,False,
100887,2026-03-11,Canvas Slip-On,CNV-006,East,1,1659.16,False,
100888,2026-07-06,Hemp Espadrille,HMP-005,East,1,2393.54,False,
100889,2026-02-21,Merino Wool Loafer,MWL-001,East,2,1700.13,False,
100890,2026-03-20,Cork Sandal,CRK-004,East,2,2236.17,False,
100891,2026-02-09,Bamboo Fiber Sneaker,BFS-002,South,2,2645.81,True,Quality issue
100892,2026-07-22,Cork Sandal,CRK-004,South,1,2635.66,False,
100893,2026-07-27,Cork Sandal,CRK-004,West,1,2799.16,False,
100894,2026-02-11,Cork Sandal,CRK-004,West,2,2579.3,False,
100895,2026-06-14,Canvas Slip-On,CNV-006,North,1,2176.41,False,
100896,2026-06-13,Merino Wool Loafer,MWL-001,South,2,2974.75,True,Late delivery
100897,2026-03-21,Hemp Espadrille,HMP-005,North,1,2158.33,False,
100898,2026-03-15,Recycled PET Runner,RPR-003,West,2,1940.63,False,
100899,2026-05-30,Canvas Slip-On,CNV-006,South,2,1634.66,False,
100900,2026-05-12,Bamboo Fiber Sneaker,BFS-002,South,2,1984.19,True,Late delivery
100901,2026-05-28,Hemp Espadrille,HMP-005,South,1,1874.12,False,
100902,2026-03-04,Canvas Slip-On,CNV-006,South,1,1670.25,False,
100903,2026-06-15,Recycled PET Runner,RPR-003,North,2,2589.31,False,
100904,2026-05-08,Hemp Espadrille,HMP-005,South,2,1564.86,False,
100905,2026-03-14,Recycled PET Runner,RPR-003,South,1,1767.3,False,
100906,2026-04-21,Cork Sandal,CRK-004,East,2,1932.17,False,
100907,2026-02-01,Bamboo Fiber Sneaker,BFS-002,South,1,1517.31,False,
100908,2026-07-06,Cork Sandal,CRK-004,North,2,1855.82,False,
100909,2026-05-16,Cork Sandal,CRK-004,West,2,1618.11,False,
100910,2026-07-09,Bamboo Fiber Sneaker,BFS-002,East,1,1572.38,False,
100911,2026-02-10,Canvas Slip-On,CNV-006,East,1,2779.74,False,
100912,2026-04-26,Hemp Espadrille,HMP-005,East,1,1572.55,False,
100913,2026-07-23,Bamboo Fiber Sneaker,BFS-002,South,1,2415.63,False,
100914,2026-05-28,Hemp Espadrille,HMP-005,South,1,2896.22,False,
100915,2026-05-06,Recycled PET Runner,RPR-003,East,2,2729.4,False,
100916,2026-04-16,Hemp Espadrille,HMP-005,North,2,1700.82,False,
100917,2026-06-15,Recycled PET Runner,RPR-003,East,2,2285.97,False,
100918,2026-02-28,Hemp Espadrille,HMP-005,North,1,2224.49,False,
100919,2026-05-21,Canvas Slip-On,CNV-006,East,1,1888.49,False,
100920,2026-03-06,Hemp Espadrille,HMP-005,East,2,2278.56,False,
100921,2026-07-07,Cork Sandal,CRK-004,South,1,2561.88,False,
100922,2026-02-07,Merino Wool Loafer,MWL-001,North,2,2437.19,False,
100923,2026-05-17,Bamboo Fiber Sneaker,BFS-002,West,1,1999.69,False,
100924,2026-02-03,Canvas Slip-On,CNV-006,South,1,2534.03,False,
100925,2026-04-18,Merino Wool Loafer,MWL-001,East,1,2649.55,False,
100926,2026-05-13,Recycled PET Runner,RPR-003,East,1,2747.06,False,
100927,2026-06-02,Recycled PET Runner,RPR-003,West,1,2467.48,False,
100928,2026-06-18,Canvas Slip-On,CNV-006,West,1,2192.71,False,
100929,2026-06-14,Canvas Slip-On,CNV-006,North,1,2346.41,False,
100930,2026-03-26,Hemp Espadrille,HMP-005,North,1,2698.3,False,
100931,2026-03-11,Recycled PET Runner,RPR-003,North,1,2760.11,False,
100932,2026-06-27,Cork Sandal,CRK-004,South,2,1780.07,False,
100933,2026-02-09,Recycled PET Runner,RPR-003,East,1,2119.8,False,
100934,2026-05-27,Bamboo Fiber Sneaker,BFS-002,East,1,1823.21,False,
100935,2026-02-10,Merino Wool Loafer,MWL-001,East,1,2869.03,False,
100936,2026-06-09,Merino Wool Loafer,MWL-001,West,1,1784.32,False,
100937,2026-04-25,Canvas Slip-On,CNV-006,East,1,2653.22,False,
100938,2026-03-25,Hemp Espadrille,HMP-005,South,1,2188.05,False,
100939,2026-02-02,Hemp Espadrille,HMP-005,North,1,2897.51,False,
100940,2026-04-27,Hemp Espadrille,HMP-005,North,2,2832.78,False,
100941,2026-02-06,Canvas Slip-On,CNV-006,East,1,2457.28,False,
100942,2026-04-15,Bamboo Fiber Sneaker,BFS-002,South,1,2297.41,False,
100943,2026-04-11,Canvas Slip-On,CNV-006,North,1,1735.24,False,
100944,2026-03-25,Hemp Espadrille,HMP-005,North,1,2323.05,False,
100945,2026-06-27,Canvas Slip-On,CNV-006,East,1,1755.91,False,
100946,2026-02-13,Recycled PET Runner,RPR-003,West,1,1542.49,False,
100947,2026-05-10,Merino Wool Loafer,MWL-001,North,1,1628.18,False,
100948,2026-07-08,Canvas Slip-On,CNV-006,West,1,1967.66,False,
100949,2026-05-31,Canvas Slip-On,CNV-006,North,1,1638.37,False,
100950,2026-02-25,Canvas Slip-On,CNV-006,West,2,1964.59,False,
100951,2026-04-01,Cork Sandal,CRK-004,West,1,1714.58,False,
100952,2026-05-12,Recycled PET Runner,RPR-003,East,1,2548.42,False,
100953,2026-06-05,Recycled PET Runner,RPR-003,West,1,1597.05,False,
100954,2026-03-16,Cork Sandal,CRK-004,West,1,2650.91,False,
100955,2026-05-15,Bamboo Fiber Sneaker,BFS-002,North,1,1987.8,False,
100956,2026-05-14,Recycled PET Runner,RPR-003,West,2,1856.86,False,
100957,2026-05-10,Bamboo Fiber Sneaker,BFS-002,West,1,2010.07,False,
100958,2026-05-23,Hemp Espadrille,HMP-005,West,1,2315.79,False,
100959,2026-06-27,Canvas Slip-On,CNV-006,North,2,1670.48,False,
100960,2026-05-25,Recycled PET Runner,RPR-003,North,1,1961.05,False,
100961,2026-07-26,Hemp Espadrille,HMP-005,North,2,1990.11,False,
100962,2026-03-28,Merino Wool Loafer,MWL-001,North,1,2829.89,False,
100963,2026-03-10,Canvas Slip-On,CNV-006,North,1,2178.46,False,
100964,2026-03-23,Hemp Espadrille,HMP-005,West,1,2521.28,False,
100965,2026-05-23,Hemp Espadrille,HMP-005,East,1,2984.43,False,
100966,2026-03-05,Hemp Espadrille,HMP-005,West,1,1592.62,False,
100967,2026-07-31,Merino Wool Loafer,MWL-001,North,1,1663.55,True,Size issue
100968,2026-07-11,Cork Sandal,CRK-004,West,1,2566.66,False,
100969,2026-07-20,Cork Sandal,CRK-004,South,1,2211.31,False,
100970,2026-05-18,Cork Sandal,CRK-004,East,1,1931.71,False,
100971,2026-02-03,Bamboo Fiber Sneaker,BFS-002,South,1,2471.58,False,
100972,2026-03-07,Cork Sandal,CRK-004,West,1,1704.83,False,
100973,2026-07-10,Cork Sandal,CRK-004,West,1,2180.59,False,
100974,2026-05-02,Cork Sandal,CRK-004,West,1,1777.69,False,
100975,2026-04-02,Hemp Espadrille,HMP-005,West,1,2115.26,False,
100976,2026-02-10,Recycled PET Runner,RPR-003,North,2,2556.32,False,
100977,2026-03-09,Cork Sandal,CRK-004,North,1,2196.4,False,
100978,2026-04-04,Hemp Espadrille,HMP-005,North,2,2444.99,False,
100979,2026-07-26,Canvas Slip-On,CNV-006,North,1,2418.56,False,
100980,2026-06-01,Hemp Espadrille,HMP-005,North,2,2267.99,False,
100981,2026-05-19,Canvas Slip-On,CNV-006,East,1,2939.87,False,
100982,2026-02-10,Recycled PET Runner,RPR-003,South,1,2589.46,False,
100983,2026-06-29,Merino Wool Loafer,MWL-001,West,1,2358.29,False,
100984,2026-04-15,Recycled PET Runner,RPR-003,North,2,1622.77,False,
100985,2026-03-06,Recycled PET Runner,RPR-003,East,1,1911.83,False,
100986,2026-07-05,Canvas Slip-On,CNV-006,North,1,2864.2,False,
100987,2026-05-06,Canvas Slip-On,CNV-006,West,1,1890.88,False,
100988,2026-06-16,Cork Sandal,CRK-004,South,1,2013.27,False,
100989,2026-06-07,Bamboo Fiber Sneaker,BFS-002,South,2,2654.55,False,
100990,2026-03-26,Cork Sandal,CRK-004,South,1,1580.49,False,
100991,2026-03-15,Merino Wool Loafer,MWL-001,North,2,2097.12,False,
100992,2026-05-09,Canvas Slip-On,CNV-006,South,2,2210.88,False,
100993,2026-04-15,Cork Sandal,CRK-004,North,2,2072.01,False,
100994,2026-02-25,Hemp Espadrille,HMP-005,North,1,2933.28,False,
100995,2026-04-27,Canvas Slip-On,CNV-006,East,1,1899.63,False,
100996,2026-05-30,Canvas Slip-On,CNV-006,West,1,2600.47,False,
100997,2026-07-24,Bamboo Fiber Sneaker,BFS-002,East,1,1968.9,True,Size issue
100998,2026-05-17,Merino Wool Loafer,MWL-001,North,1,2286.9,False,
100999,2026-04-14,Recycled PET Runner,RPR-003,South,1,1788.62,True,Size issue
101000,2026-07-04,Merino Wool Loafer,MWL-001,South,1,2561.11,False,
101001,2026-07-19,Bamboo Fiber Sneaker,BFS-002,West,1,2843.0,False,
101002,2026-05-31,Recycled PET Runner,RPR-003,East,1,2457.17,False,
101003,2026-07-28,Recycled PET Runner,RPR-003,West,1,1885.0,False,
101004,2026-05-09,Recycled PET Runner,RPR-003,North,2,1997.98,False,
101005,2026-05-24,Recycled PET Runner,RPR-003,South,1,2236.58,False,
101006,2026-03-18,Hemp Espadrille,HMP-005,West,2,1661.65,False,
101007,2026-07-08,Cork Sandal,CRK-004,South,1,2867.91,False,
101008,2026-02-19,Merino Wool Loafer,MWL-001,North,1,2356.02,False,
101009,2026-06-08,Cork Sandal,CRK-004,North,1,2478.3,True,Size issue
101010,2026-04-10,Canvas Slip-On,CNV-006,West,1,2549.08,False,
101011,2026-06-12,Hemp Espadrille,HMP-005,North,2,2216.21,False,
101012,2026-06-19,Canvas Slip-On,CNV-006,North,1,1503.96,False,
101013,2026-06-26,Cork Sandal,CRK-004,North,1,1999.16,False,
101014,2026-05-05,Merino Wool Loafer,MWL-001,North,1,1619.69,False,
101015,2026-03-18,Recycled PET Runner,RPR-003,South,1,2950.27,False,
101016,2026-02-28,Recycled PET Runner,RPR-003,West,1,2228.76,False,
101017,2026-03-08,Cork Sandal,CRK-004,South,1,1788.64,False,
101018,2026-06-06,Hemp Espadrille,HMP-005,South,2,1593.49,False,
101019,2026-06-17,Recycled PET Runner,RPR-003,West,2,2948.86,True,Quality issue
101020,2026-02-11,Merino Wool Loafer,MWL-001,East,2,1676.28,False,
101021,2026-07-24,Canvas Slip-On,CNV-006,West,1,2610.58,False,
101022,2026-03-09,Merino Wool Loafer,MWL-001,North,2,2479.75,False,
101023,2026-04-04,Hemp Espadrille,HMP-005,North,1,1520.55,False,
101024,2026-05-28,Recycled PET Runner,RPR-003,North,1,2752.03,False,
101025,2026-06-08,Merino Wool Loafer,MWL-001,North,1,1593.67,False,
101026,2026-04-25,Recycled PET Runner,RPR-003,West,1,2962.78,False,
101027,2026-03-27,Bamboo Fiber Sneaker,BFS-002,East,1,2388.63,False,
101028,2026-03-09,Merino Wool Loafer,MWL-001,East,2,1751.08,False,
101029,2026-04-04,Bamboo Fiber Sneaker,BFS-002,West,1,1699.06,False,
101030,2026-03-13,Canvas Slip-On,CNV-006,West,1,2818.44,False,
101031,2026-02-23,Merino Wool Loafer,MWL-001,South,1,2123.33,False,
101032,2026-03-25,Cork Sandal,CRK-004,South,1,2458.74,False,
101033,2026-03-17,Cork Sandal,CRK-004,South,1,2393.41,False,
101034,2026-07-11,Hemp Espadrille,HMP-005,North,1,2020.78,True,Changed mind
101035,2026-06-16,Bamboo Fiber Sneaker,BFS-002,North,1,2427.38,False,
101036,2026-05-30,Hemp Espadrille,HMP-005,South,1,1913.64,False,
101037,2026-06-08,Bamboo Fiber Sneaker,BFS-002,West,1,1738.64,False,
101038,2026-04-14,Merino Wool Loafer,MWL-001,East,1,2151.01,False,
101039,2026-02-27,Cork Sandal,CRK-004,North,1,2886.29,False,
101040,2026-06-12,Merino Wool Loafer,MWL-001,West,1,1605.29,False,
101041,2026-05-19,Cork Sandal,CRK-004,East,1,2619.63,False,
101042,2026-04-25,Bamboo Fiber Sneaker,BFS-002,North,1,1646.1,False,
101043,2026-03-29,Bamboo Fiber Sneaker,BFS-002,West,1,2205.49,False,
101044,2026-03-28,Cork Sandal,CRK-004,South,2,1766.09,False,
101045,2026-07-12,Cork Sandal,CRK-004,South,1,2962.33,False,
101046,2026-07-28,Bamboo Fiber Sneaker,BFS-002,North,1,1919.91,False,
101047,2026-05-19,Cork Sandal,CRK-004,West,1,2639.51,False,
101048,2026-07-14,Recycled PET Runner,RPR-003,South,1,2366.18,False,
101049,2026-05-17,Bamboo Fiber Sneaker,BFS-002,North,2,2792.3,False,
101050,2026-04-13,Cork Sandal,CRK-004,West,1,2594.03,False,
101051,2026-04-25,Bamboo Fiber Sneaker,BFS-002,South,2,2368.2,False,
101052,2026-06-27,Hemp Espadrille,HMP-005,South,1,2125.66,True,Late delivery
101053,2026-05-20,Canvas Slip-On,CNV-006,North,2,2217.9,False,
101054,2026-06-07,Merino Wool Loafer,MWL-001,West,1,1623.64,False,
101055,2026-03-28,Canvas Slip-On,CNV-006,West,1,2036.61,False,
101056,2026-06-03,Merino Wool Loafer,MWL-001,North,1,1741.7,False,
101057,2026-05-28,Hemp Espadrille,HMP-005,North,2,2656.75,False,
101058,2026-05-06,Cork Sandal,CRK-004,South,2,2554.85,True,Size issue
101059,2026-06-16,Cork Sandal,CRK-004,East,1,1943.88,False,
101060,2026-07-26,Canvas Slip-On,CNV-006,South,1,2429.68,False,
101061,2026-02-14,Merino Wool Loafer,MWL-001,East,1,2073.43,False,
101062,2026-05-05,Merino Wool Loafer,MWL-001,East,1,2471.26,False,
101063,2026-03-08,Hemp Espadrille,HMP-005,South,1,1856.95,False,
101064,2026-03-30,Cork Sandal,CRK-004,South,1,2028.07,False,
101065,2026-04-12,Canvas Slip-On,CNV-006,West,1,1594.05,False,
101066,2026-06-01,Cork Sandal,CRK-004,North,1,2176.97,False,
101067,2026-03-21,Canvas Slip-On,CNV-006,North,2,1629.96,False,
101068,2026-02-20,Bamboo Fiber Sneaker,BFS-002,East,1,1746.15,False,
101069,2026-03-11,Bamboo Fiber Sneaker,BFS-002,West,1,2280.03,False,
101070,2026-07-25,Recycled PET Runner,RPR-003,West,1,2209.86,False,
101071,2026-04-16,Canvas Slip-On,CNV-006,North,1,1593.42,False,
101072,2026-05-17,Bamboo Fiber Sneaker,BFS-002,East,1,2482.64,False,
101073,2026-05-29,Cork Sandal,CRK-004,West,1,2349.88,False,
101074,2026-04-08,Recycled PET Runner,RPR-003,South,1,2225.36,False,
101075,2026-05-02,Merino Wool Loafer,MWL-001,South,1,2182.89,False,
101076,2026-03-19,Bamboo Fiber Sneaker,BFS-002,East,1,2758.0,False,
101077,2026-03-14,Canvas Slip-On,CNV-006,South,1,1674.38,False,
101078,2026-05-24,Hemp Espadrille,HMP-005,South,1,2053.51,False,
101079,2026-07-21,Canvas Slip-On,CNV-006,North,1,2966.03,False,
101080,2026-06-17,Cork Sandal,CRK-004,South,1,1681.24,True,Late delivery
101081,2026-04-23,Bamboo Fiber Sneaker,BFS-002,West,1,1505.44,False,
101082,2026-07-16,Hemp Espadrille,HMP-005,East,1,2209.87,False,
101083,2026-06-25,Hemp Espadrille,HMP-005,South,2,2007.03,False,
101084,2026-03-08,Cork Sandal,CRK-004,North,1,1961.12,False,
101085,2026-05-03,Bamboo Fiber Sneaker,BFS-002,West,1,1988.55,False,
101086,2026-04-13,Bamboo Fiber Sneaker,BFS-002,South,1,1532.82,False,
101087,2026-06-12,Cork Sandal,CRK-004,North,2,1790.68,False,
101088,2026-07-21,Hemp Espadrille,HMP-005,North,1,2095.34,False,
101089,2026-05-10,Cork Sandal,CRK-004,East,1,1517.29,False,
101090,2026-06-24,Recycled PET Runner,RPR-003,West,1,1822.54,False,
101091,2026-05-25,Canvas Slip-On,CNV-006,West,1,1744.69,False,
101092,2026-03-08,Cork Sandal,CRK-004,West,1,1714.46,False,
101093,2026-02-17,Hemp Espadrille,HMP-005,East,2,1631.67,False,
101094,2026-03-17,Recycled PET Runner,RPR-003,West,2,2564.37,False,
101095,2026-03-20,Bamboo Fiber Sneaker,BFS-002,South,2,1933.19,False,
101096,2026-06-07,Recycled PET Runner,RPR-003,East,2,1835.78,False,
101097,2026-04-18,Bamboo Fiber Sneaker,BFS-002,East,2,1685.27,False,
101098,2026-03-18,Recycled PET Runner,RPR-003,West,2,2859.19,False,
101099,2026-04-12,Merino Wool Loafer,MWL-001,North,2,2990.5,False,
101100,2026-06-29,Canvas Slip-On,CNV-006,East,2,2347.36,False,
101101,2026-07-28,Canvas Slip-On,CNV-006,West,1,2058.8,False,
101102,2026-03-14,Merino Wool Loafer,MWL-001,East,1,1718.21,False,
101103,2026-05-03,Canvas Slip-On,CNV-006,South,1,1578.33,False,
101104,2026-02-13,Canvas Slip-On,CNV-006,East,1,1936.5,False,
101105,2026-07-11,Merino Wool Loafer,MWL-001,South,1,2646.03,True,Size issue
101106,2026-07-26,Recycled PET Runner,RPR-003,East,1,1906.19,False,
101107,2026-06-17,Recycled PET Runner,RPR-003,North,1,2733.97,True,Wrong item
101108,2026-06-05,Recycled PET Runner,RPR-003,East,2,2009.47,False,
101109,2026-03-12,Merino Wool Loafer,MWL-001,South,1,2746.36,False,
101110,2026-05-18,Hemp Espadrille,HMP-005,North,2,2873.05,False,
101111,2026-06-03,Bamboo Fiber Sneaker,BFS-002,North,1,1966.36,False,
101112,2026-03-17,Cork Sandal,CRK-004,East,1,1542.14,False,
101113,2026-07-28,Bamboo Fiber Sneaker,BFS-002,South,1,2531.07,False,
101114,2026-02-21,Bamboo Fiber Sneaker,BFS-002,South,2,2535.23,False,
101115,2026-06-04,Merino Wool Loafer,MWL-001,North,2,1562.78,False,
101116,2026-06-01,Canvas Slip-On,CNV-006,North,1,2861.79,True,Quality issue
101117,2026-02-25,Canvas Slip-On,CNV-006,North,1,2879.15,False,
101118,2026-07-22,Bamboo Fiber Sneaker,BFS-002,South,1,1542.89,False,
101119,2026-06-29,Canvas Slip-On,CNV-006,East,1,2027.3,False,
101120,2026-06-10,Canvas Slip-On,CNV-006,South,1,1647.66,False,
101121,2026-03-22,Merino Wool Loafer,MWL-001,South,1,1756.66,False,
101122,2026-03-27,Merino Wool Loafer,MWL-001,North,2,2048.69,False,
101123,2026-03-19,Cork Sandal,CRK-004,North,1,2970.95,False,
101124,2026-05-16,Hemp Espadrille,HMP-005,South,1,2641.11,False,
101125,2026-06-14,Cork Sandal,CRK-004,North,1,2242.72,False,
101126,2026-02-22,Recycled PET Runner,RPR-003,North,1,2239.57,False,
101127,2026-07-26,Cork Sandal,CRK-004,East,2,1837.81,False,
101128,2026-02-18,Cork Sandal,CRK-004,South,2,2907.62,False,
101129,2026-07-23,Merino Wool Loafer,MWL-001,West,1,2093.55,False,
101130,2026-05-13,Merino Wool Loafer,MWL-001,South,2,2541.56,False,
101131,2026-02-17,Canvas Slip-On,CNV-006,South,1,2961.81,False,
101132,2026-03-04,Hemp Espadrille,HMP-005,West,1,2756.16,False,
101133,2026-07-15,Recycled PET Runner,RPR-003,East,2,2033.15,False,
101134,2026-06-11,Cork Sandal,CRK-004,West,1,1720.06,False,
101135,2026-06-06,Merino Wool Loafer,MWL-001,East,2,1845.23,False,
101136,2026-02-14,Merino Wool Loafer,MWL-001,North,1,2246.2,True,Changed mind
101137,2026-03-12,Cork Sandal,CRK-004,East,1,2431.95,False,
101138,2026-05-31,Merino Wool Loafer,MWL-001,West,1,1939.34,False,
101139,2026-06-19,Hemp Espadrille,HMP-005,East,1,2713.22,False,
101140,2026-05-22,Merino Wool Loafer,MWL-001,North,1,2074.44,False,
101141,2026-05-29,Cork Sandal,CRK-004,West,1,1548.29,False,
101142,2026-06-06,Recycled PET Runner,RPR-003,South,2,1700.73,False,
101143,2026-06-26,Cork Sandal,CRK-004,North,2,2489.12,False,
101144,2026-06-02,Hemp Espadrille,HMP-005,West,1,2259.03,False,
101145,2026-07-08,Cork Sandal,CRK-004,West,1,2648.71,False,
101146,2026-07-02,Merino Wool Loafer,MWL-001,North,1,1691.3,False,
101147,2026-07-11,Hemp Espadrille,HMP-005,North,1,2069.86,False,
101148,2026-05-01,Recycled PET Runner,RPR-003,West,1,2490.86,False,
101149,2026-07-02,Canvas Slip-On,CNV-006,East,1,2864.58,False,
101150,2026-04-28,Recycled PET Runner,RPR-003,North,1,1528.57,False,
101151,2026-06-26,Cork Sandal,CRK-004,West,2,1898.93,False,
101152,2026-04-23,Hemp Espadrille,HMP-005,North,2,2354.53,False,
101153,2026-02-26,Merino Wool Loafer,MWL-001,West,1,2002.95,False,
101154,2026-03-15,Canvas Slip-On,CNV-006,East,1,2044.0,False,
101155,2026-06-18,Cork Sandal,CRK-004,North,1,1930.03,True,Wrong item
101156,2026-07-10,Cork Sandal,CRK-004,South,1,2575.56,False,
101157,2026-04-11,Hemp Espadrille,HMP-005,East,1,2348.64,False,
101158,2026-04-30,Cork Sandal,CRK-004,South,1,2476.31,False,
101159,2026-07-20,Recycled PET Runner,RPR-003,West,1,1799.12,False,
101160,2026-07-22,Hemp Espadrille,HMP-005,West,1,2820.34,False,
101161,2026-06-28,Hemp Espadrille,HMP-005,South,2,1818.43,False,
101162,2026-04-10,Canvas Slip-On,CNV-006,West,2,2900.95,False,
101163,2026-05-05,Merino Wool Loafer,MWL-001,South,2,1720.62,False,
101164,2026-05-23,Canvas Slip-On,CNV-006,East,2,1976.98,False,
101165,2026-05-17,Merino Wool Loafer,MWL-001,South,1,2734.57,False,
101166,2026-05-15,Recycled PET Runner,RPR-003,South,1,1669.34,False,
101167,2026-05-30,Bamboo Fiber Sneaker,BFS-002,East,2,2338.74,False,
101168,2026-03-24,Canvas Slip-On,CNV-006,North,1,1908.07,True,Quality issue
101169,2026-07-15,Canvas Slip-On,CNV-006,South,1,2944.68,False,
101170,2026-02-22,Merino Wool Loafer,MWL-001,North,1,2401.4,False,
101171,2026-07-22,Cork Sandal,CRK-004,East,1,2094.34,False,
101172,2026-03-01,Bamboo Fiber Sneaker,BFS-002,South,1,2281.94,False,
101173,2026-06-08,Hemp Espadrille,HMP-005,East,1,1856.12,False,
101174,2026-06-30,Recycled PET Runner,RPR-003,East,2,2707.76,False,
101175,2026-03-09,Cork Sandal,CRK-004,South,1,1761.73,False,
101176,2026-04-07,Cork Sandal,CRK-004,West,1,2234.54,False,
101177,2026-06-20,Merino Wool Loafer,MWL-001,East,2,2211.28,False,
101178,2026-05-04,Recycled PET Runner,RPR-003,South,2,2572.51,False,
101179,2026-07-20,Merino Wool Loafer,MWL-001,North,1,2535.02,True,Size issue
101180,2026-04-21,Hemp Espadrille,HMP-005,West,1,2853.74,False,
101181,2026-05-25,Hemp Espadrille,HMP-005,South,2,1510.8,False,
101182,2026-02-24,Recycled PET Runner,RPR-003,East,1,1945.13,False,
101183,2026-07-12,Bamboo Fiber Sneaker,BFS-002,West,1,2818.2,False,
101184,2026-04-12,Cork Sandal,CRK-004,North,1,2733.8,False,
101185,2026-04-27,Cork Sandal,CRK-004,West,2,2814.14,False,
101186,2026-06-10,Bamboo Fiber Sneaker,BFS-002,East,1,2026.78,False,
101187,2026-05-28,Hemp Espadrille,HMP-005,East,1,2641.96,False,
101188,2026-07-15,Bamboo Fiber Sneaker,BFS-002,West,1,1503.61,False,
101189,2026-06-28,Recycled PET Runner,RPR-003,East,1,1665.24,False,
101190,2026-07-03,Canvas Slip-On,CNV-006,South,2,2687.96,False,
101191,2026-04-08,Cork Sandal,CRK-004,South,1,2530.2,False,
101192,2026-02-22,Recycled PET Runner,RPR-003,South,2,2050.4,False,
101193,2026-02-06,Cork Sandal,CRK-004,South,1,2883.67,False,
101194,2026-02-23,Canvas Slip-On,CNV-006,South,2,1796.4,False,
101195,2026-05-14,Bamboo Fiber Sneaker,BFS-002,North,2,2399.59,False,
101196,2026-06-26,Recycled PET Runner,RPR-003,South,1,1520.17,False,
101197,2026-03-03,Cork Sandal,CRK-004,West,1,2569.35,False,
101198,2026-06-07,Recycled PET Runner,RPR-003,East,2,1694.3,False,
101199,2026-04-14,Hemp Espadrille,HMP-005,South,1,2126.5,False,
101200,2026-04-16,Bamboo Fiber Sneaker,BFS-002,North,1,1852.23,False,
101201,2026-06-30,Bamboo Fiber Sneaker,BFS-002,East,2,1627.61,False,
101202,2026-07-26,Recycled PET Runner,RPR-003,West,1,2569.0,False,
101203,2026-02-19,Canvas Slip-On,CNV-006,East,1,2334.5,True,Changed mind
101204,2026-07-06,Cork Sandal,CRK-004,East,1,1507.04,False,
101205,2026-05-13,Cork Sandal,CRK-004,East,1,1697.36,False,
101206,2026-04-08,Merino Wool Loafer,MWL-001,South,1,2254.62,False,
101207,2026-02-23,Cork Sandal,CRK-004,South,1,2564.38,False,
101208,2026-04-22,Recycled PET Runner,RPR-003,North,1,2966.77,False,
101209,2026-05-22,Recycled PET Runner,RPR-003,East,1,2853.19,False,
101210,2026-05-23,Recycled PET Runner,RPR-003,East,1,1972.31,False,
101211,2026-02-14,Bamboo Fiber Sneaker,BFS-002,West,1,1721.93,False,
101212,2026-04-08,Merino Wool Loafer,MWL-001,West,1,2557.94,False,
101213,2026-05-25,Cork Sandal,CRK-004,North,1,2982.23,False,
101214,2026-03-01,Cork Sandal,CRK-004,West,1,1684.48,False,
101215,2026-03-16,Recycled PET Runner,RPR-003,South,1,2343.87,False,
101216,2026-06-15,Bamboo Fiber Sneaker,BFS-002,North,1,2123.63,False,
101217,2026-04-26,Cork Sandal,CRK-004,North,1,1925.42,False,
101218,2026-05-07,Merino Wool Loafer,MWL-001,West,1,2754.47,False,
101219,2026-07-19,Merino Wool Loafer,MWL-001,West,2,2180.08,False,
101220,2026-02-12,Merino Wool Loafer,MWL-001,East,2,1986.37,False,
101221,2026-03-27,Canvas Slip-On,CNV-006,South,1,2701.34,False,
101222,2026-06-21,Merino Wool Loafer,MWL-001,North,2,1637.83,False,
101223,2026-02-23,Bamboo Fiber Sneaker,BFS-002,West,1,2777.52,False,
101224,2026-07-16,Cork Sandal,CRK-004,East,1,1679.9,False,
101225,2026-07-26,Cork Sandal,CRK-004,East,1,2037.57,False,
101226,2026-06-06,Recycled PET Runner,RPR-003,South,2,2827.12,False,
101227,2026-02-24,Hemp Espadrille,HMP-005,West,2,2715.49,False,
101228,2026-02-24,Cork Sandal,CRK-004,West,1,2269.01,False,
101229,2026-07-16,Canvas Slip-On,CNV-006,South,1,2895.0,False,
101230,2026-04-16,Canvas Slip-On,CNV-006,North,2,2155.03,False,
101231,2026-03-11,Cork Sandal,CRK-004,East,1,2525.47,False,
101232,2026-04-17,Bamboo Fiber Sneaker,BFS-002,West,1,2325.49,False,
101233,2026-06-11,Hemp Espadrille,HMP-005,North,2,2118.53,False,
101234,2026-05-02,Canvas Slip-On,CNV-006,East,1,2377.35,False,
101235,2026-07-20,Merino Wool Loafer,MWL-001,North,2,1768.33,False,
101236,2026-07-31,Merino Wool Loafer,MWL-001,West,1,1969.92,False,
101237,2026-04-29,Cork Sandal,CRK-004,East,1,1815.6,False,
101238,2026-07-23,Hemp Espadrille,HMP-005,East,1,2149.7,True,Late delivery
101239,2026-03-16,Merino Wool Loafer,MWL-001,North,2,2189.24,False,
101240,2026-04-19,Canvas Slip-On,CNV-006,West,1,2534.99,False,
101241,2026-04-19,Canvas Slip-On,CNV-006,West,1,1686.63,True,Size issue
101242,2026-02-07,Merino Wool Loafer,MWL-001,South,1,2220.68,False,
101243,2026-07-11,Bamboo Fiber Sneaker,BFS-002,West,1,1628.14,False,
101244,2026-05-20,Bamboo Fiber Sneaker,BFS-002,West,1,1673.69,False,
101245,2026-06-05,Canvas Slip-On,CNV-006,West,2,1528.44,False,
101246,2026-04-17,Bamboo Fiber Sneaker,BFS-002,South,2,1575.38,True,Late delivery
101247,2026-06-29,Cork Sandal,CRK-004,West,1,1554.53,False,
101248,2026-04-01,Hemp Espadrille,HMP-005,West,1,2291.46,False,
101249,2026-04-10,Recycled PET Runner,RPR-003,North,2,2832.71,False,
101250,2026-05-26,Hemp Espadrille,HMP-005,East,2,1530.21,False,
101251,2026-04-30,Bamboo Fiber Sneaker,BFS-002,West,2,1847.15,False,
101252,2026-07-05,Canvas Slip-On,CNV-006,East,2,1695.74,False,
101253,2026-05-18,Canvas Slip-On,CNV-006,West,1,2692.96,False,
101254,2026-04-14,Bamboo Fiber Sneaker,BFS-002,South,1,2499.58,False,
101255,2026-07-06,Bamboo Fiber Sneaker,BFS-002,South,2,1650.36,False,
101256,2026-04-02,Cork Sandal,CRK-004,East,1,2334.25,False,
101257,2026-05-03,Recycled PET Runner,RPR-003,East,1,1761.07,False,
101258,2026-02-17,Hemp Espadrille,HMP-005,North,1,2144.93,False,
101259,2026-06-05,Merino Wool Loafer,MWL-001,South,1,2989.49,False,
101260,2026-03-11,Merino Wool Loafer,MWL-001,East,1,2558.61,False,
101261,2026-03-01,Cork Sandal,CRK-004,West,1,2671.48,False,
101262,2026-06-10,Merino Wool Loafer,MWL-001,North,1,1749.57,False,
101263,2026-03-13,Bamboo Fiber Sneaker,BFS-002,East,1,2561.25,False,
101264,2026-03-12,Cork Sandal,CRK-004,North,1,2000.91,False,
101265,2026-05-18,Bamboo Fiber Sneaker,BFS-002,West,1,1866.97,False,
101266,2026-06-10,Recycled PET Runner,RPR-003,East,1,1626.85,False,
101267,2026-07-12,Cork Sandal,CRK-004,East,1,1726.42,False,
101268,2026-03-08,Cork Sandal,CRK-004,South,2,2119.11,False,
101269,2026-02-08,Cork Sandal,CRK-004,East,2,1717.38,True,Wrong item
101270,2026-04-28,Merino Wool Loafer,MWL-001,North,1,2101.48,False,
101271,2026-05-12,Cork Sandal,CRK-004,North,1,2489.26,False,
101272,2026-07-12,Hemp Espadrille,HMP-005,North,1,2127.96,False,
101273,2026-04-22,Canvas Slip-On,CNV-006,East,1,1510.85,False,
101274,2026-07-30,Hemp Espadrille,HMP-005,South,2,2168.28,False,
101275,2026-07-29,Hemp Espadrille,HMP-005,West,1,2830.51,False,
101276,2026-04-19,Cork Sandal,CRK-004,South,1,1554.46,False,
101277,2026-06-14,Canvas Slip-On,CNV-006,South,1,1819.6,False,
101278,2026-07-13,Recycled PET Runner,RPR-003,East,1,1534.13,False,
101279,2026-04-03,Hemp Espadrille,HMP-005,East,1,2588.76,False,
101280,2026-05-07,Merino Wool Loafer,MWL-001,North,1,2439.48,False,
101281,2026-05-26,Merino Wool Loafer,MWL-001,North,1,2357.65,True,Quality issue
101282,2026-05-01,Bamboo Fiber Sneaker,BFS-002,South,1,1925.8,False,
101283,2026-05-08,Canvas Slip-On,CNV-006,South,1,1656.84,False,
101284,2026-05-28,Bamboo Fiber Sneaker,BFS-002,East,1,1718.83,False,
101285,2026-02-24,Cork Sandal,CRK-004,North,1,2136.33,False,
101286,2026-02-20,Bamboo Fiber Sneaker,BFS-002,West,1,2514.23,False,
101287,2026-04-09,Hemp Espadrille,HMP-005,West,2,2453.69,False,
101288,2026-05-18,Canvas Slip-On,CNV-006,West,1,1715.52,False,
101289,2026-03-06,Canvas Slip-On,CNV-006,West,1,2540.71,False,
101290,2026-06-24,Merino Wool Loafer,MWL-001,South,1,2881.55,False,
101291,2026-03-03,Cork Sandal,CRK-004,North,1,2356.65,True,Changed mind
101292,2026-04-20,Merino Wool Loafer,MWL-001,East,1,1953.89,False,
101293,2026-07-01,Bamboo Fiber Sneaker,BFS-002,South,2,1571.98,False,
101294,2026-03-19,Recycled PET Runner,RPR-003,South,2,1502.13,False,
101295,2026-05-18,Merino Wool Loafer,MWL-001,North,2,2358.59,False,
101296,2026-06-02,Recycled PET Runner,RPR-003,West,1,2641.93,False,
101297,2026-07-21,Cork Sandal,CRK-004,West,2,1722.47,False,
101298,2026-05-11,Merino Wool Loafer,MWL-001,West,1,2849.37,False,
101299,2026-04-13,Merino Wool Loafer,MWL-001,West,1,2797.93,False,
101300,2026-06-24,Hemp Espadrille,HMP-005,East,1,2464.87,False,
101301,2026-06-26,Hemp Espadrille,HMP-005,North,1,2624.84,False,
101302,2026-07-19,Merino Wool Loafer,MWL-001,North,1,2942.57,True,Size issue
101303,2026-02-22,Canvas Slip-On,CNV-006,West,1,2101.7,True,Size issue
101304,2026-03-19,Recycled PET Runner,RPR-003,West,2,1535.09,False,
101305,2026-02-24,Cork Sandal,CRK-004,East,1,2968.68,False,
101306,2026-03-19,Recycled PET Runner,RPR-003,South,1,2651.46,False,
101307,2026-02-16,Cork Sandal,CRK-004,South,1,1771.19,False,
101308,2026-02-26,Recycled PET Runner,RPR-003,West,1,1712.69,False,
101309,2026-03-03,Recycled PET Runner,RPR-003,West,1,1802.84,False,
101310,2026-06-07,Hemp Espadrille,HMP-005,South,2,2923.04,False,
101311,2026-06-22,Recycled PET Runner,RPR-003,West,2,1597.19,True,Changed mind
101312,2026-06-22,Merino Wool Loafer,MWL-001,East,1,1868.47,False,
101313,2026-06-26,Bamboo Fiber Sneaker,BFS-002,East,2,2167.97,False,
101314,2026-03-09,Hemp Espadrille,HMP-005,South,1,2309.66,False,
101315,2026-06-23,Bamboo Fiber Sneaker,BFS-002,West,2,1561.69,False,
101316,2026-07-18,Hemp Espadrille,HMP-005,East,1,1499.81,False,
101317,2026-07-04,Cork Sandal,CRK-004,East,1,2758.23,False,
101318,2026-06-30,Recycled PET Runner,RPR-003,South,1,1567.23,False,
101319,2026-04-18,Hemp Espadrille,HMP-005,North,1,2091.96,False,
101320,2026-05-22,Bamboo Fiber Sneaker,BFS-002,East,1,2414.67,False,
101321,2026-07-13,Recycled PET Runner,RPR-003,East,1,2968.46,False,
101322,2026-07-20,Recycled PET Runner,RPR-003,South,1,2011.44,False,
101323,2026-02-05,Hemp Espadrille,HMP-005,East,1,2468.66,True,Late delivery
101324,2026-07-23,Merino Wool Loafer,MWL-001,North,1,2118.74,False,
101325,2026-07-17,Cork Sandal,CRK-004,North,1,2306.97,False,
101326,2026-07-23,Canvas Slip-On,CNV-006,West,1,2028.49,False,
101327,2026-05-11,Hemp Espadrille,HMP-005,East,1,2757.72,False,
101328,2026-05-30,Merino Wool Loafer,MWL-001,North,1,2903.37,False,
101329,2026-04-13,Bamboo Fiber Sneaker,BFS-002,North,1,1786.27,False,
101330,2026-03-29,Canvas Slip-On,CNV-006,East,1,2969.18,False,
101331,2026-06-07,Merino Wool Loafer,MWL-001,East,1,1509.7,False,
101332,2026-03-01,Canvas Slip-On,CNV-006,West,1,2352.65,False,
101333,2026-07-19,Hemp Espadrille,HMP-005,South,1,1597.04,False,
101334,2026-04-08,Merino Wool Loafer,MWL-001,South,1,2820.5,False,
101335,2026-07-24,Recycled PET Runner,RPR-003,South,1,2986.93,False,
101336,2026-07-25,Hemp Espadrille,HMP-005,East,2,1501.93,False,
101337,2026-04-24,Canvas Slip-On,CNV-006,North,2,2765.51,False,
101338,2026-06-07,Merino Wool Loafer,MWL-001,West,1,2274.89,True,Changed mind
101339,2026-05-19,Merino Wool Loafer,MWL-001,East,2,1973.36,False,
101340,2026-06-27,Recycled PET Runner,RPR-003,North,1,2984.4,False,
101341,2026-02-20,Canvas Slip-On,CNV-006,West,1,1794.32,False,
101342,2026-02-08,Merino Wool Loafer,MWL-001,North,2,2146.92,True,Quality issue
101343,2026-02-28,Recycled PET Runner,RPR-003,South,2,1856.54,False,
101344,2026-06-14,Merino Wool Loafer,MWL-001,East,1,2914.32,False,
101345,2026-02-25,Hemp Espadrille,HMP-005,West,2,2367.4,False,
101346,2026-05-08,Merino Wool Loafer,MWL-001,North,1,2834.13,False,
101347,2026-05-25,Bamboo Fiber Sneaker,BFS-002,North,1,1951.21,False,
101348,2026-07-24,Merino Wool Loafer,MWL-001,North,1,2337.89,False,
101349,2026-04-01,Merino Wool Loafer,MWL-001,West,1,2179.12,False,
101350,2026-04-28,Cork Sandal,CRK-004,North,1,2180.12,False,
101351,2026-02-27,Bamboo Fiber Sneaker,BFS-002,North,1,2391.76,False,
101352,2026-07-14,Bamboo Fiber Sneaker,BFS-002,South,1,2032.09,False,
101353,2026-03-20,Hemp Espadrille,HMP-005,West,1,1705.51,True,Changed mind
101354,2026-06-12,Recycled PET Runner,RPR-003,West,1,1965.78,False,
101355,2026-06-01,Bamboo Fiber Sneaker,BFS-002,South,1,2403.99,False,
101356,2026-02-15,Merino Wool Loafer,MWL-001,South,1,2259.66,False,
101357,2026-04-30,Merino Wool Loafer,MWL-001,West,1,2963.77,False,
101358,2026-04-29,Bamboo Fiber Sneaker,BFS-002,North,1,2500.79,False,
101359,2026-06-29,Cork Sandal,CRK-004,East,1,2423.15,False,
101360,2026-05-28,Bamboo Fiber Sneaker,BFS-002,North,1,2242.9,False,
101361,2026-07-28,Canvas Slip-On,CNV-006,South,1,2198.81,False,
101362,2026-05-08,Cork Sandal,CRK-004,East,1,2099.47,False,
101363,2026-02-03,Merino Wool Loafer,MWL-001,East,1,2035.83,False,
101364,2026-05-24,Bamboo Fiber Sneaker,BFS-002,East,1,2446.0,False,
101365,2026-02-08,Recycled PET Runner,RPR-003,North,1,1795.74,False,
101366,2026-04-28,Recycled PET Runner,RPR-003,South,1,1766.81,True,Quality issue
101367,2026-07-24,Merino Wool Loafer,MWL-001,North,1,2067.38,True,Size issue
101368,2026-05-28,Bamboo Fiber Sneaker,BFS-002,East,1,2053.46,False,
101369,2026-02-17,Bamboo Fiber Sneaker,BFS-002,West,1,1715.65,False,
101370,2026-06-17,Bamboo Fiber Sneaker,BFS-002,South,2,2540.53,False,
101371,2026-02-12,Cork Sandal,CRK-004,South,1,2780.65,False,
101372,2026-04-05,Bamboo Fiber Sneaker,BFS-002,East,1,2443.19,False,
101373,2026-03-26,Bamboo Fiber Sneaker,BFS-002,West,1,2676.0,False,
101374,2026-03-15,Hemp Espadrille,HMP-005,North,2,2625.96,False,
101375,2026-06-08,Hemp Espadrille,HMP-005,East,2,1767.5,False,
101376,2026-06-07,Hemp Espadrille,HMP-005,West,2,1901.5,False,
101377,2026-03-26,Hemp Espadrille,HMP-005,North,1,2841.33,False,
101378,2026-03-28,Bamboo Fiber Sneaker,BFS-002,West,1,2136.53,False,
101379,2026-04-07,Bamboo Fiber Sneaker,BFS-002,East,1,1700.5,False,
101380,2026-03-31,Cork Sandal,CRK-004,East,1,2196.88,False,
101381,2026-05-31,Cork Sandal,CRK-004,West,2,2112.43,False,
101382,2026-05-09,Recycled PET Runner,RPR-003,East,1,1768.35,False,
101383,2026-05-03,Canvas Slip-On,CNV-006,North,1,1940.78,False,
101384,2026-04-12,Hemp Espadrille,HMP-005,North,1,1646.61,False,
101385,2026-04-27,Merino Wool Loafer,MWL-001,South,1,2511.66,False,
101386,2026-03-21,Canvas Slip-On,CNV-006,East,1,2996.61,False,
101387,2026-02-03,Canvas Slip-On,CNV-006,East,1,1921.77,False,
101388,2026-06-29,Cork Sandal,CRK-004,West,1,2207.01,False,
101389,2026-03-31,Bamboo Fiber Sneaker,BFS-002,West,1,2584.0,False,
101390,2026-05-30,Bamboo Fiber Sneaker,BFS-002,West,1,2686.87,False,
101391,2026-07-29,Bamboo Fiber Sneaker,BFS-002,West,2,1813.38,False,
101392,2026-05-07,Hemp Espadrille,HMP-005,North,1,2365.26,False,
101393,2026-06-08,Canvas Slip-On,CNV-006,North,1,2008.73,False,
101394,2026-07-27,Canvas Slip-On,CNV-006,West,1,1988.12,True,Size issue
101395,2026-04-26,Bamboo Fiber Sneaker,BFS-002,South,2,2969.26,False,
101396,2026-06-17,Cork Sandal,CRK-004,North,2,1781.51,False,
101397,2026-07-14,Hemp Espadrille,HMP-005,West,1,1638.86,False,
101398,2026-02-09,Hemp Espadrille,HMP-005,South,2,1539.26,False,
101399,2026-03-25,Cork Sandal,CRK-004,East,1,1935.66,False,
101400,2026-05-06,Cork Sandal,CRK-004,North,1,1756.74,False,
