review_id,order_id,date,product,sku,region,rating,review_text
500001,100842,2026-03-19,Cork Sandal,CRK-004,North,5,"Absolutely love these, will buy another pair!"
500002,100801,2026-02-07,Recycled PET Runner,RPR-003,North,5,"Worth every rupee, best purchase this year."
500003,100322,2026-03-15,Hemp Espadrille,HMP-005,West,3,"Very comfortable, perfect for long walks."
500004,100227,2026-07-26,Hemp Espadrille,HMP-005,South,3,Order tracking showed no movement for over a week.
500005,100265,2026-04-11,Merino Wool Loafer,MWL-001,East,4,"Exactly as described, fast shipping too."
500006,101099,2026-04-15,Merino Wool Loafer,MWL-001,North,4,"Exactly as described, fast shipping too."
500007,100857,2026-03-24,Recycled PET Runner,RPR-003,South,5,"Absolutely love these, will buy another pair!"
500008,100980,2026-06-13,Hemp Espadrille,HMP-005,North,5,"Great everyday shoe, gets compliments all the time."
500009,100141,2026-04-26,Cork Sandal,CRK-004,North,3,"Package was delayed multiple times, courier kept rescheduling."
500010,100797,2026-06-02,Recycled PET Runner,RPR-003,West,5,"Comfortable right out of the box, no break-in needed."
500011,100423,2026-07-31,Recycled PET Runner,RPR-003,East,2,"Delivery took almost 3 weeks, way longer than promised."
500012,100267,2026-07-31,Bamboo Fiber Sneaker,BFS-002,West,4,Sole started wearing out after a couple months.
500013,100422,2026-06-06,Canvas Slip-On,CNV-006,South,5,"Great quality, super comfortable for daily wear."
500014,100635,2026-03-14,Merino Wool Loafer,MWL-001,North,3,"Very comfortable, perfect for long walks."
500015,100886,2026-05-19,Merino Wool Loafer,MWL-001,East,5,"Loved the material, feels premium and sustainable."
500016,101362,2026-05-12,Cork Sandal,CRK-004,East,5,"Great quality, super comfortable for daily wear."
500017,100973,2026-07-20,Cork Sandal,CRK-004,West,4,Stitching came a little loose after light use.
500018,100326,2026-05-03,Cork Sandal,CRK-004,West,5,"Absolutely love these, will buy another pair!"
500019,101237,2026-05-09,Cork Sandal,CRK-004,East,3,Color faded slightly after a few washes.
500020,101178,2026-05-08,Recycled PET Runner,RPR-003,South,5,"Great quality, super comfortable for daily wear."
500021,100636,2026-02-26,Hemp Espadrille,HMP-005,East,4,"Worth every rupee, best purchase this year."
500022,101204,2026-07-11,Cork Sandal,CRK-004,East,4,Stitching came a little loose after light use.
500023,100416,2026-07-01,Merino Wool Loafer,MWL-001,South,5,"Great everyday shoe, gets compliments all the time."
500024,101030,2026-03-23,Canvas Slip-On,CNV-006,West,5,Perfect fit and very breathable material.
500025,100940,2026-05-02,Hemp Espadrille,HMP-005,North,4,"Loved the material, feels premium and sustainable."
500026,100565,2026-05-18,Merino Wool Loafer,MWL-001,North,4,"Great everyday shoe, gets compliments all the time."
500027,100414,2026-03-11,Cork Sandal,CRK-004,West,4,"Great quality, super comfortable for daily wear."
500028,100016,2026-04-12,Cork Sandal,CRK-004,South,4,"Absolutely love these, will buy another pair!"
500029,100293,2026-06-28,Recycled PET Runner,RPR-003,South,3,Stitching came a little loose after light use.
500030,100913,2026-07-31,Bamboo Fiber Sneaker,BFS-002,South,3,Color faded slightly after a few washes.
500031,100132,2026-02-28,Recycled PET Runner,RPR-003,South,5,"Great quality, super comfortable for daily wear."
500032,100818,2026-06-14,Merino Wool Loafer,MWL-001,East,3,Stitching came a little loose after light use.
500033,101239,2026-03-27,Merino Wool Loafer,MWL-001,North,5,"Loved the material, feels premium and sustainable."
500034,100506,2026-04-01,Merino Wool Loafer,MWL-001,West,4,Color faded slightly after a few washes.
500035,101077,2026-03-19,Canvas Slip-On,CNV-006,South,5,"Worth every rupee, best purchase this year."
500036,100674,2026-07-04,Canvas Slip-On,CNV-006,East,4,"Very comfortable, perfect for long walks."
500037,101166,2026-05-19,Recycled PET Runner,RPR-003,South,3,"Very comfortable, perfect for long walks."
500038,101006,2026-03-22,Hemp Espadrille,HMP-005,West,4,"Loved the material, feels premium and sustainable."
500039,100943,2026-04-21,Canvas Slip-On,CNV-006,North,5,"Absolutely love these, will buy another pair!"
500040,100948,2026-07-17,Canvas Slip-On,CNV-006,West,4,"Great everyday shoe, gets compliments all the time."
500041,101180,2026-04-28,Hemp Espadrille,HMP-005,West,5,"A bit pricey for what you get, but decent quality."
500042,100081,2026-04-01,Merino Wool Loafer,MWL-001,West,5,Perfect fit and very breathable material.
500043,100187,2026-07-26,Cork Sandal,CRK-004,North,5,"Great quality, super comfortable for daily wear."
500044,100590,2026-04-23,Canvas Slip-On,CNV-006,South,5,"Great everyday shoe, gets compliments all the time."
500045,101324,2026-07-31,Merino Wool Loafer,MWL-001,North,5,Perfect fit and very breathable material.
500046,100935,2026-02-19,Merino Wool Loafer,MWL-001,East,5,"Absolutely love these, will buy another pair!"
500047,100711,2026-07-25,Merino Wool Loafer,MWL-001,South,1,"Ordered my usual size but it's way too tight, returning it."
500048,100610,2026-06-18,Merino Wool Loafer,MWL-001,West,4,"Great quality, super comfortable for daily wear."
500049,101399,2026-04-02,Cork Sandal,CRK-004,East,5,"Absolutely love these, will buy another pair!"
500050,101256,2026-04-11,Cork Sandal,CRK-004,East,5,"Exactly as described, fast shipping too."
500051,100359,2026-04-11,Merino Wool Loafer,MWL-001,West,4,Perfect fit and very breathable material.
500052,100851,2026-02-28,Recycled PET Runner,RPR-003,East,2,Order tracking showed no movement for over a week.
500053,100511,2026-04-01,Recycled PET Runner,RPR-003,West,5,"Great everyday shoe, gets compliments all the time."
500054,100368,2026-04-02,Merino Wool Loafer,MWL-001,South,4,"Worth every rupee, best purchase this year."
500055,101266,2026-06-13,Recycled PET Runner,RPR-003,East,4,"Worth every rupee, best purchase this year."
500056,100885,2026-03-24,Canvas Slip-On,CNV-006,North,5,"Great quality, super comfortable for daily wear."
500057,100938,2026-03-27,Hemp Espadrille,HMP-005,South,5,"Loved the material, feels premium and sustainable."
500058,100788,2026-03-20,Canvas Slip-On,CNV-006,South,4,"Great everyday shoe, gets compliments all the time."
500059,100376,2026-06-03,Canvas Slip-On,CNV-006,South,5,"Great quality, super comfortable for daily wear."
500060,101165,2026-05-19,Merino Wool Loafer,MWL-001,South,5,"Comfortable right out of the box, no break-in needed."
500061,100196,2026-07-31,Cork Sandal,CRK-004,West,4,"A bit pricey for what you get, but decent quality."
500062,100806,2026-04-23,Hemp Espadrille,HMP-005,East,3,Color faded slightly after a few washes.
500063,100090,2026-05-18,Bamboo Fiber Sneaker,BFS-002,West,3,"Really slow delivery this time, not the usual experience."
500064,100491,2026-06-30,Bamboo Fiber Sneaker,BFS-002,West,4,"Absolutely love these, will buy another pair!"
500065,100324,2026-05-21,Canvas Slip-On,CNV-006,South,4,"Exactly as described, fast shipping too."
500066,100561,2026-03-26,Bamboo Fiber Sneaker,BFS-002,West,5,"Great quality, super comfortable for daily wear."
500067,101287,2026-04-17,Hemp Espadrille,HMP-005,West,3,"Worth every rupee, best purchase this year."
500068,101102,2026-03-22,Merino Wool Loafer,MWL-001,East,5,"Great everyday shoe, gets compliments all the time."
500069,100598,2026-04-22,Bamboo Fiber Sneaker,BFS-002,West,2,"Package was delayed multiple times, courier kept rescheduling."
500070,100137,2026-06-23,Bamboo Fiber Sneaker,BFS-002,West,4,"Great everyday shoe, gets compliments all the time."
500071,100445,2026-07-07,Hemp Espadrille,HMP-005,West,5,"A bit pricey for what you get, but decent quality."
500072,101011,2026-06-20,Hemp Espadrille,HMP-005,North,4,"Great quality, super comfortable for daily wear."
500073,100843,2026-06-27,Canvas Slip-On,CNV-006,South,3,"Loved the material, feels premium and sustainable."
500074,101133,2026-07-20,Recycled PET Runner,RPR-003,East,4,Perfect fit and very breathable material.
500075,100249,2026-04-27,Bamboo Fiber Sneaker,BFS-002,South,4,"A bit pricey for what you get, but decent quality."
500076,100756,2026-05-17,Recycled PET Runner,RPR-003,West,3,"Great quality, super comfortable for daily wear."
500077,100157,2026-07-18,Recycled PET Runner,RPR-003,East,5,"Great everyday shoe, gets compliments all the time."
500078,100216,2026-05-01,Merino Wool Loafer,MWL-001,South,4,"A bit pricey for what you get, but decent quality."
500079,101034,2026-07-19,Hemp Espadrille,HMP-005,North,5,"Exactly as described, fast shipping too."
500080,100668,2026-07-31,Canvas Slip-On,CNV-006,West,5,"Absolutely love these, will buy another pair!"
500081,100840,2026-03-29,Cork Sandal,CRK-004,South,5,"Great everyday shoe, gets compliments all the time."
500082,100924,2026-02-11,Canvas Slip-On,CNV-006,South,4,"Absolutely love these, will buy another pair!"
500083,100338,2026-04-17,Recycled PET Runner,RPR-003,East,5,"Great quality, super comfortable for daily wear."
500084,100518,2026-05-30,Hemp Espadrille,HMP-005,North,5,Perfect fit and very breathable material.
500085,100425,2026-07-31,Bamboo Fiber Sneaker,BFS-002,South,5,"Comfortable right out of the box, no break-in needed."
500086,101037,2026-06-17,Bamboo Fiber Sneaker,BFS-002,West,4,"Great everyday shoe, gets compliments all the time."
500087,100092,2026-06-08,Cork Sandal,CRK-004,South,3,Color faded slightly after a few washes.
500088,100947,2026-05-17,Merino Wool Loafer,MWL-001,North,5,"Loved the material, feels premium and sustainable."
500089,100055,2026-02-12,Recycled PET Runner,RPR-003,North,4,"Great everyday shoe, gets compliments all the time."
500090,100150,2026-02-13,Recycled PET Runner,RPR-003,East,5,"Exactly as described, fast shipping too."
500091,101309,2026-03-06,Recycled PET Runner,RPR-003,West,5,"A bit pricey for what you get, but decent quality."
500092,100946,2026-02-24,Recycled PET Runner,RPR-003,West,5,"Exactly as described, fast shipping too."
500093,100781,2026-03-15,Cork Sandal,CRK-004,South,4,Perfect fit and very breathable material.
500094,100704,2026-07-19,Merino Wool Loafer,MWL-001,West,4,Sole started wearing out after a couple months.
500095,101369,2026-02-22,Bamboo Fiber Sneaker,BFS-002,West,4,"Comfortable right out of the box, no break-in needed."
500096,100399,2026-05-19,Merino Wool Loafer,MWL-001,North,5,"Exactly as described, fast shipping too."
500097,100813,2026-03-25,Merino Wool Loafer,MWL-001,West,4,"Worth every rupee, best purchase this year."
500098,100078,2026-02-14,Bamboo Fiber Sneaker,BFS-002,South,4,"Great quality, super comfortable for daily wear."
500099,100022,2026-04-17,Cork Sandal,CRK-004,North,5,Perfect fit and very breathable material.
500100,100514,2026-06-26,Merino Wool Loafer,MWL-001,South,3,"Package was delayed multiple times, courier kept rescheduling."
500101,100235,2026-06-14,Canvas Slip-On,CNV-006,North,4,"Exactly as described, fast shipping too."
500102,100280,2026-07-01,Recycled PET Runner,RPR-003,West,4,Stitching came a little loose after light use.
500103,100670,2026-03-26,Bamboo Fiber Sneaker,BFS-002,East,4,"Exactly as described, fast shipping too."
500104,100951,2026-04-05,Cork Sandal,CRK-004,West,5,"Exactly as described, fast shipping too."
500105,100993,2026-04-25,Cork Sandal,CRK-004,North,3,"Really slow delivery this time, not the usual experience."
500106,100945,2026-07-02,Canvas Slip-On,CNV-006,East,5,"Comfortable right out of the box, no break-in needed."
500107,100140,2026-04-20,Canvas Slip-On,CNV-006,West,4,"Great quality, super comfortable for daily wear."
500108,100170,2026-04-08,Bamboo Fiber Sneaker,BFS-002,East,4,"Very comfortable, perfect for long walks."
500109,101124,2026-05-22,Hemp Espadrille,HMP-005,South,3,Order tracking showed no movement for over a week.
500110,100497,2026-05-01,Canvas Slip-On,CNV-006,North,4,"Comfortable right out of the box, no break-in needed."
500111,100897,2026-03-31,Hemp Espadrille,HMP-005,North,5,"Absolutely love these, will buy another pair!"
500112,100288,2026-05-08,Canvas Slip-On,CNV-006,South,3,"Good value for the price, would buy again."
500113,100965,2026-05-29,Hemp Espadrille,HMP-005,East,2,"Delivery took almost 3 weeks, way longer than promised."
500114,100572,2026-06-27,Hemp Espadrille,HMP-005,South,5,"Absolutely love these, will buy another pair!"
500115,100331,2026-05-20,Hemp Espadrille,HMP-005,West,4,Sole started wearing out after a couple months.
500116,100350,2026-07-30,Canvas Slip-On,CNV-006,East,4,"Worth every rupee, best purchase this year."
500117,100037,2026-06-03,Bamboo Fiber Sneaker,BFS-002,East,5,"Exactly as described, fast shipping too."
500118,101244,2026-05-27,Bamboo Fiber Sneaker,BFS-002,West,3,"Worth every rupee, best purchase this year."
500119,100206,2026-03-09,Hemp Espadrille,HMP-005,East,4,"Great everyday shoe, gets compliments all the time."
500120,100363,2026-02-27,Cork Sandal,CRK-004,West,5,"Worth every rupee, best purchase this year."
500121,100603,2026-05-30,Recycled PET Runner,RPR-003,East,5,"Great quality, super comfortable for daily wear."
500122,100255,2026-05-18,Recycled PET Runner,RPR-003,South,5,"Good value for the price, would buy again."
500123,101095,2026-04-01,Bamboo Fiber Sneaker,BFS-002,South,4,"Loved the material, feels premium and sustainable."
500124,101352,2026-07-19,Bamboo Fiber Sneaker,BFS-002,South,5,"Comfortable right out of the box, no break-in needed."
500125,100345,2026-03-29,Recycled PET Runner,RPR-003,South,2,"Really slow delivery this time, not the usual experience."
500126,100159,2026-04-09,Bamboo Fiber Sneaker,BFS-002,East,5,"Great quality, super comfortable for daily wear."
500127,100023,2026-07-21,Canvas Slip-On,CNV-006,East,4,Perfect fit and very breathable material.
500128,100560,2026-05-02,Recycled PET Runner,RPR-003,North,4,"Comfortable right out of the box, no break-in needed."
500129,100315,2026-06-14,Hemp Espadrille,HMP-005,West,3,Color faded slightly after a few washes.
500130,100903,2026-06-27,Recycled PET Runner,RPR-003,North,4,"Great everyday shoe, gets compliments all the time."
500131,100734,2026-05-12,Merino Wool Loafer,MWL-001,South,2,Shipment got stuck in transit for days before arriving.
500132,100365,2026-04-21,Merino Wool Loafer,MWL-001,North,4,Perfect fit and very breathable material.
500133,100444,2026-07-31,Merino Wool Loafer,MWL-001,East,5,"A bit pricey for what you get, but decent quality."
500134,100071,2026-07-30,Recycled PET Runner,RPR-003,East,4,"Loved the material, feels premium and sustainable."
500135,101091,2026-06-05,Canvas Slip-On,CNV-006,West,4,Perfect fit and very breathable material.
500136,100443,2026-06-21,Merino Wool Loafer,MWL-001,North,2,"Delivery took almost 3 weeks, way longer than promised."
500137,100906,2026-04-26,Cork Sandal,CRK-004,East,2,Order tracking showed no movement for over a week.
500138,100098,2026-07-29,Bamboo Fiber Sneaker,BFS-002,North,3,"Great quality, super comfortable for daily wear."
500139,101071,2026-04-26,Canvas Slip-On,CNV-006,North,3,Sole started wearing out after a couple months.
500140,100211,2026-07-01,Recycled PET Runner,RPR-003,East,5,"Loved the material, feels premium and sustainable."
500141,100800,2026-06-03,Bamboo Fiber Sneaker,BFS-002,North,3,Order tracking showed no movement for over a week.
500142,100632,2026-04-16,Canvas Slip-On,CNV-006,North,5,"Absolutely love these, will buy another pair!"
500143,100910,2026-07-15,Bamboo Fiber Sneaker,BFS-002,East,3,"Great quality, super comfortable for daily wear."
500144,100108,2026-04-26,Hemp Espadrille,HMP-005,East,4,"Great everyday shoe, gets compliments all the time."
500145,101226,2026-06-16,Recycled PET Runner,RPR-003,South,3,"Good value for the price, would buy again."
500146,100010,2026-04-03,Recycled PET Runner,RPR-003,North,3,"A bit pricey for what you get, but decent quality."
500147,100100,2026-06-08,Merino Wool Loafer,MWL-001,South,5,"Great everyday shoe, gets compliments all the time."
500148,100773,2026-04-04,Recycled PET Runner,RPR-003,West,5,"Great quality, super comfortable for daily wear."
500149,101374,2026-03-27,Hemp Espadrille,HMP-005,North,4,"A bit pricey for what you get, but decent quality."
500150,100512,2026-06-23,Merino Wool Loafer,MWL-001,South,3,"A bit pricey for what you get, but decent quality."
500151,100768,2026-04-15,Canvas Slip-On,CNV-006,South,5,"Exactly as described, fast shipping too."
500152,100489,2026-06-10,Merino Wool Loafer,MWL-001,South,4,"Absolutely love these, will buy another pair!"
500153,100410,2026-03-05,Bamboo Fiber Sneaker,BFS-002,West,5,Perfect fit and very breathable material.
500154,100188,2026-05-04,Merino Wool Loafer,MWL-001,North,4,Color faded slightly after a few washes.
500155,100033,2026-04-08,Hemp Espadrille,HMP-005,West,4,"Worth every rupee, best purchase this year."
500156,100864,2026-07-14,Recycled PET Runner,RPR-003,East,2,Order tracking showed no movement for over a week.
500157,100058,2026-03-11,Bamboo Fiber Sneaker,BFS-002,West,4,"Worth every rupee, best purchase this year."
500158,100030,2026-07-07,Recycled PET Runner,RPR-003,North,2,"Delivery took almost 3 weeks, way longer than promised."
500159,100691,2026-07-20,Canvas Slip-On,CNV-006,West,3,"Package was delayed multiple times, courier kept rescheduling."
500160,100394,2026-02-09,Cork Sandal,CRK-004,North,5,"Great quality, super comfortable for daily wear."
500161,100130,2026-07-29,Cork Sandal,CRK-004,North,5,Perfect fit and very breathable material.
500162,100452,2026-03-28,Cork Sandal,CRK-004,South,4,"Great everyday shoe, gets compliments all the time."
500163,100198,2026-05-13,Canvas Slip-On,CNV-006,East,3,Order tracking showed no movement for over a week.
500164,100344,2026-07-25,Canvas Slip-On,CNV-006,West,5,"Great quality, super comfortable for daily wear."
500165,100343,2026-04-22,Hemp Espadrille,HMP-005,West,2,Order tracking showed no movement for over a week.
500166,100091,2026-02-14,Cork Sandal,CRK-004,West,4,"Good value for the price, would buy again."
500167,100852,2026-06-14,Merino Wool Loafer,MWL-001,East,5,"Exactly as described, fast shipping too."
500168,101050,2026-04-23,Cork Sandal,CRK-004,West,5,"Comfortable right out of the box, no break-in needed."
500169,100221,2026-03-05,Cork Sandal,CRK-004,East,3,Stitching came a little loose after light use.
500170,101298,2026-05-14,Merino Wool Loafer,MWL-001,West,4,"Absolutely love these, will buy another pair!"
500171,100661,2026-05-13,Bamboo Fiber Sneaker,BFS-002,North,4,Perfect fit and very breathable material.
500172,101152,2026-04-26,Hemp Espadrille,HMP-005,North,5,"Great everyday shoe, gets compliments all the time."
500173,100389,2026-06-02,Canvas Slip-On,CNV-006,West,5,"Comfortable right out of the box, no break-in needed."
500174,101316,2026-07-26,Hemp Espadrille,HMP-005,East,4,"Loved the material, feels premium and sustainable."
500175,101110,2026-05-20,Hemp Espadrille,HMP-005,North,3,"Great quality, super comfortable for daily wear."
500176,100810,2026-04-09,Canvas Slip-On,CNV-006,North,4,Color faded slightly after a few washes.
500177,100877,2026-03-20,Cork Sandal,CRK-004,West,5,"Absolutely love these, will buy another pair!"
500178,100248,2026-07-18,Bamboo Fiber Sneaker,BFS-002,West,5,"Loved the material, feels premium and sustainable."
500179,100476,2026-07-22,Recycled PET Runner,RPR-003,North,4,"Great everyday shoe, gets compliments all the time."
500180,100438,2026-07-19,Merino Wool Loafer,MWL-001,East,2,"Runs really small, had to return and reorder a size up."
500181,100217,2026-03-11,Recycled PET Runner,RPR-003,East,5,"Comfortable right out of the box, no break-in needed."
500182,100731,2026-04-01,Recycled PET Runner,RPR-003,North,4,Color faded slightly after a few washes.
500183,100663,2026-03-17,Cork Sandal,CRK-004,South,5,"Great everyday shoe, gets compliments all the time."
500184,100356,2026-07-31,Cork Sandal,CRK-004,North,3,Sole started wearing out after a couple months.
500185,100031,2026-02-13,Bamboo Fiber Sneaker,BFS-002,North,4,"Great quality, super comfortable for daily wear."
500186,100824,2026-06-04,Canvas Slip-On,CNV-006,East,2,Shipment got stuck in transit for days before arriving.
500187,100648,2026-04-04,Cork Sandal,CRK-004,West,5,Perfect fit and very breathable material.
500188,100025,2026-04-12,Recycled PET Runner,RPR-003,East,4,Sole started wearing out after a couple months.
500189,100798,2026-07-07,Canvas Slip-On,CNV-006,South,5,"Comfortable right out of the box, no break-in needed."
500190,100436,2026-05-04,Bamboo Fiber Sneaker,BFS-002,West,5,"Comfortable right out of the box, no break-in needed."
500191,101376,2026-06-12,Hemp Espadrille,HMP-005,West,4,"Absolutely love these, will buy another pair!"
500192,100451,2026-07-17,Recycled PET Runner,RPR-003,West,5,"Great quality, super comfortable for daily wear."
500193,100136,2026-07-31,Canvas Slip-On,CNV-006,North,3,"Really slow delivery this time, not the usual experience."
500194,100571,2026-03-01,Canvas Slip-On,CNV-006,North,4,Stitching came a little loose after light use.
500195,101325,2026-07-21,Cork Sandal,CRK-004,North,5,"Great everyday shoe, gets compliments all the time."
500196,101338,2026-06-15,Merino Wool Loafer,MWL-001,West,4,"Absolutely love these, will buy another pair!"
500197,100138,2026-07-16,Hemp Espadrille,HMP-005,West,5,"Loved the material, feels premium and sustainable."
500198,100448,2026-06-13,Recycled PET Runner,RPR-003,South,5,"Comfortable right out of the box, no break-in needed."
500199,101400,2026-05-09,Cork Sandal,CRK-004,North,4,"Exactly as described, fast shipping too."
500200,100618,2026-06-15,Merino Wool Loafer,MWL-001,West,5,"Comfortable right out of the box, no break-in needed."
500201,101024,2026-05-30,Recycled PET Runner,RPR-003,North,5,"Absolutely love these, will buy another pair!"
500202,100209,2026-03-01,Canvas Slip-On,CNV-006,West,5,"Loved the material, feels premium and sustainable."
500203,101395,2026-04-28,Bamboo Fiber Sneaker,BFS-002,South,5,"Absolutely love these, will buy another pair!"
500204,101364,2026-05-26,Bamboo Fiber Sneaker,BFS-002,East,4,"Good value for the price, would buy again."
500205,100352,2026-05-28,Hemp Espadrille,HMP-005,East,5,"Loved the material, feels premium and sustainable."
500206,100516,2026-07-31,Hemp Espadrille,HMP-005,West,5,"Worth every rupee, best purchase this year."
500207,100195,2026-07-18,Recycled PET Runner,RPR-003,West,5,"Great quality, super comfortable for daily wear."
500208,100665,2026-03-27,Canvas Slip-On,CNV-006,South,4,"Loved the material, feels premium and sustainable."
500209,100796,2026-06-17,Bamboo Fiber Sneaker,BFS-002,South,4,"Exactly as described, fast shipping too."
500210,100273,2026-06-19,Cork Sandal,CRK-004,East,5,"Great quality, super comfortable for daily wear."
500211,100681,2026-03-23,Hemp Espadrille,HMP-005,South,5,"A bit pricey for what you get, but decent quality."
500212,100360,2026-05-05,Merino Wool Loafer,MWL-001,West,5,"Worth every rupee, best purchase this year."
500213,100652,2026-05-09,Cork Sandal,CRK-004,East,3,"Package was delayed multiple times, courier kept rescheduling."
500214,100988,2026-06-25,Cork Sandal,CRK-004,South,3,Order tracking showed no movement for over a week.
500215,100139,2026-05-01,Cork Sandal,CRK-004,East,3,Stitching came a little loose after light use.
500216,100687,2026-06-17,Recycled PET Runner,RPR-003,West,5,"Comfortable right out of the box, no break-in needed."
500217,101284,2026-06-08,Bamboo Fiber Sneaker,BFS-002,East,5,"Comfortable right out of the box, no break-in needed."
500218,100920,2026-03-18,Hemp Espadrille,HMP-005,East,3,"A bit pricey for what you get, but decent quality."
500219,100784,2026-07-16,Recycled PET Runner,RPR-003,West,2,Order tracking showed no movement for over a week.
500220,101047,2026-05-28,Cork Sandal,CRK-004,West,4,"Great everyday shoe, gets compliments all the time."
500221,100477,2026-02-20,Canvas Slip-On,CNV-006,South,5,"Great everyday shoe, gets compliments all the time."
500222,101032,2026-04-01,Cork Sandal,CRK-004,South,4,"Absolutely love these, will buy another pair!"
500223,100028,2026-04-05,Hemp Espadrille,HMP-005,West,5,Perfect fit and very breathable material.
500224,101360,2026-06-06,Bamboo Fiber Sneaker,BFS-002,North,3,"Loved the material, feels premium and sustainable."
500225,100044,2026-05-26,Merino Wool Loafer,MWL-001,South,5,"Great everyday shoe, gets compliments all the time."
500226,101279,2026-04-11,Hemp Espadrille,HMP-005,East,5,"Exactly as described, fast shipping too."
500227,100633,2026-02-17,Recycled PET Runner,RPR-003,West,5,"Exactly as described, fast shipping too."
500228,100485,2026-03-11,Merino Wool Loafer,MWL-001,South,5,"Great quality, super comfortable for daily wear."
500229,100878,2026-04-12,Canvas Slip-On,CNV-006,East,4,"Great quality, super comfortable for daily wear."
500230,100499,2026-07-31,Merino Wool Loafer,MWL-001,East,4,"Loved the material, feels premium and sustainable."
500231,100163,2026-06-18,Cork Sandal,CRK-004,South,4,"Loved the material, feels premium and sustainable."
500232,100123,2026-07-04,Cork Sandal,CRK-004,North,5,"Exactly as described, fast shipping too."
500233,100282,2026-07-20,Cork Sandal,CRK-004,East,5,"Loved the material, feels premium and sustainable."
500234,101250,2026-06-07,Hemp Espadrille,HMP-005,East,5,Perfect fit and very breathable material.
500235,101022,2026-03-21,Merino Wool Loafer,MWL-001,North,5,"Loved the material, feels premium and sustainable."
500236,100608,2026-05-10,Cork Sandal,CRK-004,East,4,"Great quality, super comfortable for daily wear."
500237,101252,2026-07-13,Canvas Slip-On,CNV-006,East,3,"Package was delayed multiple times, courier kept rescheduling."
500238,100311,2026-05-22,Recycled PET Runner,RPR-003,East,5,"Great everyday shoe, gets compliments all the time."
500239,100770,2026-07-17,Canvas Slip-On,CNV-006,West,5,"Great quality, super comfortable for daily wear."
500240,100419,2026-07-06,Bamboo Fiber Sneaker,BFS-002,West,5,"Absolutely love these, will buy another pair!"
500241,101303,2026-02-26,Canvas Slip-On,CNV-006,West,5,"A bit pricey for what you get, but decent quality."
500242,100488,2026-06-18,Recycled PET Runner,RPR-003,South,5,"Absolutely love these, will buy another pair!"
500243,100909,2026-05-24,Cork Sandal,CRK-004,West,5,"Loved the material, feels premium and sustainable."
500244,101365,2026-02-16,Recycled PET Runner,RPR-003,North,3,"A bit pricey for what you get, but decent quality."
500245,100275,2026-04-25,Canvas Slip-On,CNV-006,East,3,"Really slow delivery this time, not the usual experience."
500246,100570,2026-04-05,Cork Sandal,CRK-004,East,3,"Great quality, super comfortable for daily wear."
500247,100651,2026-07-08,Merino Wool Loafer,MWL-001,North,2,"Runs really small, had to return and reorder a size up."
500248,100082,2026-07-02,Cork Sandal,CRK-004,North,2,Shipment got stuck in transit for days before arriving.
500249,101067,2026-04-02,Canvas Slip-On,CNV-006,North,3,"A bit pricey for what you get, but decent quality."
500250,100850,2026-04-12,Bamboo Fiber Sneaker,BFS-002,South,4,"Good value for the price, would buy again."
500251,100591,2026-07-31,Canvas Slip-On,CNV-006,North,5,"Great everyday shoe, gets compliments all the time."
500252,100049,2026-05-10,Recycled PET Runner,RPR-003,South,4,"Great quality, super comfortable for daily wear."
500253,100470,2026-07-21,Merino Wool Loafer,MWL-001,West,2,"Would recommend sizing up, these run at least half a size small."
500254,100679,2026-03-14,Recycled PET Runner,RPR-003,West,3,"Very comfortable, perfect for long walks."
500255,100702,2026-05-20,Recycled PET Runner,RPR-003,South,3,"Very comfortable, perfect for long walks."
500256,101291,2026-03-10,Cork Sandal,CRK-004,North,4,Color faded slightly after a few washes.
500257,101388,2026-07-01,Cork Sandal,CRK-004,West,4,Perfect fit and very breathable material.
500258,101105,2026-07-20,Merino Wool Loafer,MWL-001,South,5,"Great quality, super comfortable for daily wear."
500259,100111,2026-06-29,Recycled PET Runner,RPR-003,East,5,"Absolutely love these, will buy another pair!"
500260,100509,2026-04-25,Cork Sandal,CRK-004,East,3,Color faded slightly after a few washes.
500261,100456,2026-06-23,Canvas Slip-On,CNV-006,West,5,"Comfortable right out of the box, no break-in needed."
500262,100782,2026-07-22,Cork Sandal,CRK-004,South,3,Shipment got stuck in transit for days before arriving.
500263,101068,2026-02-25,Bamboo Fiber Sneaker,BFS-002,East,5,"Comfortable right out of the box, no break-in needed."
500264,100659,2026-06-19,Canvas Slip-On,CNV-006,South,4,"Good value for the price, would buy again."
500265,101342,2026-02-10,Merino Wool Loafer,MWL-001,North,5,"Great everyday shoe, gets compliments all the time."
500266,101264,2026-03-15,Cork Sandal,CRK-004,North,4,Color faded slightly after a few washes.
500267,100013,2026-04-19,Cork Sandal,CRK-004,West,5,"Great everyday shoe, gets compliments all the time."
500268,100133,2026-06-01,Canvas Slip-On,CNV-006,East,5,"Loved the material, feels premium and sustainable."
500269,101007,2026-07-11,Cork Sandal,CRK-004,South,4,"Good value for the price, would buy again."
500270,100144,2026-04-22,Hemp Espadrille,HMP-005,South,4,"Exactly as described, fast shipping too."
500271,100395,2026-03-28,Hemp Espadrille,HMP-005,West,5,"Great everyday shoe, gets compliments all the time."
500272,100107,2026-07-20,Canvas Slip-On,CNV-006,East,5,"Great everyday shoe, gets compliments all the time."
500273,100290,2026-07-18,Cork Sandal,CRK-004,South,3,"A bit pricey for what you get, but decent quality."
500274,101161,2026-07-01,Hemp Espadrille,HMP-005,South,5,"Absolutely love these, will buy another pair!"
500275,100258,2026-04-05,Merino Wool Loafer,MWL-001,East,5,"Great quality, super comfortable for daily wear."
500276,101247,2026-07-09,Cork Sandal,CRK-004,West,5,Perfect fit and very breathable material.
500277,101217,2026-05-07,Cork Sandal,CRK-004,North,3,Order tracking showed no movement for over a week.
500278,101127,2026-07-31,Cork Sandal,CRK-004,East,5,Perfect fit and very breathable material.
500279,100484,2026-07-16,Bamboo Fiber Sneaker,BFS-002,West,5,"Loved the material, feels premium and sustainable."
500280,101040,2026-06-15,Merino Wool Loafer,MWL-001,West,5,"Loved the material, feels premium and sustainable."
500281,100161,2026-02-23,Merino Wool Loafer,MWL-001,East,5,"Worth every rupee, best purchase this year."
500282,100873,2026-07-28,Canvas Slip-On,CNV-006,East,4,"Great everyday shoe, gets compliments all the time."
500283,100957,2026-05-20,Bamboo Fiber Sneaker,BFS-002,West,5,"Great quality, super comfortable for daily wear."
500284,100638,2026-07-23,Cork Sandal,CRK-004,West,2,"Really slow delivery this time, not the usual experience."
500285,100337,2026-07-20,Bamboo Fiber Sneaker,BFS-002,West,3,"Good value for the price, would buy again."
500286,100405,2026-03-16,Merino Wool Loafer,MWL-001,East,5,"Loved the material, feels premium and sustainable."
500287,100502,2026-07-08,Merino Wool Loafer,MWL-001,East,3,Shipment got stuck in transit for days before arriving.
500288,100869,2026-06-25,Recycled PET Runner,RPR-003,South,5,"Exactly as described, fast shipping too."
500289,100362,2026-05-12,Canvas Slip-On,CNV-006,West,3,Stitching came a little loose after light use.
500290,100510,2026-04-27,Recycled PET Runner,RPR-003,South,4,"Great quality, super comfortable for daily wear."
500291,100621,2026-04-04,Cork Sandal,CRK-004,North,5,"Good value for the price, would buy again."
500292,100585,2026-04-28,Recycled PET Runner,RPR-003,West,5,"Great everyday shoe, gets compliments all the time."
500293,100919,2026-05-25,Canvas Slip-On,CNV-006,East,5,"Absolutely love these, will buy another pair!"
500294,100413,2026-04-15,Cork Sandal,CRK-004,East,5,"Great quality, super comfortable for daily wear."
500295,100557,2026-03-23,Canvas Slip-On,CNV-006,West,2,Order tracking showed no movement for over a week.
500296,100986,2026-07-12,Canvas Slip-On,CNV-006,North,4,"Absolutely love these, will buy another pair!"
500297,100164,2026-07-29,Cork Sandal,CRK-004,East,5,"Loved the material, feels premium and sustainable."
500298,100737,2026-07-28,Hemp Espadrille,HMP-005,North,5,"Great quality, super comfortable for daily wear."
500299,100816,2026-06-05,Canvas Slip-On,CNV-006,South,3,"Great quality, super comfortable for daily wear."
500300,100774,2026-06-18,Cork Sandal,CRK-004,North,3,Sole started wearing out after a couple months.
500301,101382,2026-05-14,Recycled PET Runner,RPR-003,East,4,"Loved the material, feels premium and sustainable."
500302,101288,2026-05-23,Canvas Slip-On,CNV-006,West,5,"Comfortable right out of the box, no break-in needed."
500303,100904,2026-05-16,Hemp Espadrille,HMP-005,South,3,"Delivery took almost 3 weeks, way longer than promised."
500304,100866,2026-07-29,Bamboo Fiber Sneaker,BFS-002,South,3,"Worth every rupee, best purchase this year."
500305,101035,2026-06-28,Bamboo Fiber Sneaker,BFS-002,North,3,"A bit pricey for what you get, but decent quality."
500306,100888,2026-07-15,Hemp Espadrille,HMP-005,East,3,"A bit pricey for what you get, but decent quality."
500307,100320,2026-07-31,Cork Sandal,CRK-004,East,4,"Comfortable right out of the box, no break-in needed."
500308,101187,2026-05-31,Hemp Espadrille,HMP-005,East,4,"Great everyday shoe, gets compliments all the time."
500309,100041,2026-05-28,Cork Sandal,CRK-004,East,4,"Loved the material, feels premium and sustainable."
500310,101139,2026-06-27,Hemp Espadrille,HMP-005,East,4,"Great quality, super comfortable for daily wear."
500311,100876,2026-02-16,Canvas Slip-On,CNV-006,North,4,Stitching came a little loose after light use.
500312,100171,2026-07-23,Canvas Slip-On,CNV-006,South,3,"A bit pricey for what you get, but decent quality."
500313,100615,2026-05-27,Cork Sandal,CRK-004,West,5,"Comfortable right out of the box, no break-in needed."
500314,100313,2026-07-21,Hemp Espadrille,HMP-005,East,3,"Great quality, super comfortable for daily wear."
500315,101189,2026-07-05,Recycled PET Runner,RPR-003,East,5,"Good value for the price, would buy again."
500316,100527,2026-02-27,Merino Wool Loafer,MWL-001,North,5,"Comfortable right out of the box, no break-in needed."
500317,100780,2026-03-04,Hemp Espadrille,HMP-005,South,5,"A bit pricey for what you get, but decent quality."
500318,100950,2026-02-27,Canvas Slip-On,CNV-006,West,5,"Exactly as described, fast shipping too."
500319,100627,2026-05-23,Hemp Espadrille,HMP-005,South,4,"Great everyday shoe, gets compliments all the time."
500320,100929,2026-06-19,Canvas Slip-On,CNV-006,North,4,"Comfortable right out of the box, no break-in needed."
500321,100581,2026-03-20,Cork Sandal,CRK-004,North,4,"Loved the material, feels premium and sustainable."
500322,100769,2026-03-18,Hemp Espadrille,HMP-005,East,5,"Absolutely love these, will buy another pair!"
500323,100985,2026-03-16,Recycled PET Runner,RPR-003,East,4,Stitching came a little loose after light use.
500324,100148,2026-06-05,Cork Sandal,CRK-004,South,4,Perfect fit and very breathable material.
500325,100683,2026-05-10,Recycled PET Runner,RPR-003,East,5,"Great quality, super comfortable for daily wear."
500326,101299,2026-04-19,Merino Wool Loafer,MWL-001,West,5,"A bit pricey for what you get, but decent quality."
500327,100962,2026-04-08,Merino Wool Loafer,MWL-001,North,4,"Loved the material, feels premium and sustainable."
500328,100401,2026-07-04,Canvas Slip-On,CNV-006,East,5,Perfect fit and very breathable material.
500329,100317,2026-07-18,Bamboo Fiber Sneaker,BFS-002,East,3,Sole started wearing out after a couple months.
500330,101228,2026-03-07,Cork Sandal,CRK-004,West,5,"Comfortable right out of the box, no break-in needed."
500331,100009,2026-07-31,Recycled PET Runner,RPR-003,South,4,"Great quality, super comfortable for daily wear."
500332,100027,2026-07-28,Bamboo Fiber Sneaker,BFS-002,South,5,"Absolutely love these, will buy another pair!"
500333,101026,2026-05-01,Recycled PET Runner,RPR-003,West,4,Sole started wearing out after a couple months.
500334,100767,2026-03-27,Hemp Espadrille,HMP-005,East,5,"Comfortable right out of the box, no break-in needed."
500335,101132,2026-03-12,Hemp Espadrille,HMP-005,West,2,Order tracking showed no movement for over a week.
500336,100829,2026-03-23,Hemp Espadrille,HMP-005,West,5,"Great everyday shoe, gets compliments all the time."
500337,101234,2026-05-06,Canvas Slip-On,CNV-006,East,2,"Delivery took almost 3 weeks, way longer than promised."
500338,100809,2026-03-06,Merino Wool Loafer,MWL-001,South,4,Color faded slightly after a few washes.
500339,100765,2026-04-10,Merino Wool Loafer,MWL-001,East,5,"Loved the material, feels premium and sustainable."
500340,100787,2026-05-31,Recycled PET Runner,RPR-003,West,4,Stitching came a little loose after light use.
500341,101003,2026-07-31,Recycled PET Runner,RPR-003,West,4,"Comfortable right out of the box, no break-in needed."
500342,100631,2026-03-21,Merino Wool Loafer,MWL-001,West,5,"Exactly as described, fast shipping too."
500343,100146,2026-03-05,Merino Wool Loafer,MWL-001,South,4,Color faded slightly after a few washes.
500344,100838,2026-07-20,Recycled PET Runner,RPR-003,North,3,Order tracking showed no movement for over a week.
500345,100080,2026-03-15,Cork Sandal,CRK-004,South,5,"Loved the material, feels premium and sustainable."
500346,101175,2026-03-18,Cork Sandal,CRK-004,South,5,"Great everyday shoe, gets compliments all the time."
500347,100789,2026-02-24,Cork Sandal,CRK-004,North,5,"Comfortable right out of the box, no break-in needed."
500348,100333,2026-04-03,Recycled PET Runner,RPR-003,West,3,"Loved the material, feels premium and sustainable."
500349,100398,2026-04-24,Canvas Slip-On,CNV-006,South,5,"Loved the material, feels premium and sustainable."
500350,100894,2026-02-13,Cork Sandal,CRK-004,West,3,"Good value for the price, would buy again."
500351,100523,2026-07-31,Bamboo Fiber Sneaker,BFS-002,East,5,"Exactly as described, fast shipping too."
500352,100714,2026-06-22,Merino Wool Loafer,MWL-001,East,4,"Absolutely love these, will buy another pair!"
500353,101044,2026-04-06,Cork Sandal,CRK-004,South,5,"Loved the material, feels premium and sustainable."
500354,101001,2026-07-25,Bamboo Fiber Sneaker,BFS-002,West,5,"Loved the material, feels premium and sustainable."
500355,100755,2026-03-21,Canvas Slip-On,CNV-006,North,5,"Loved the material, feels premium and sustainable."
500356,100119,2026-06-26,Recycled PET Runner,RPR-003,North,4,Stitching came a little loose after light use.
500357,100790,2026-04-19,Canvas Slip-On,CNV-006,East,4,"Great quality, super comfortable for daily wear."
500358,101113,2026-07-31,Bamboo Fiber Sneaker,BFS-002,South,3,"A bit pricey for what you get, but decent quality."
500359,101367,2026-07-29,Merino Wool Loafer,MWL-001,North,1,"Runs really small, had to return and reorder a size up."
500360,101145,2026-07-11,Cork Sandal,CRK-004,West,5,"Worth every rupee, best purchase this year."
500361,100979,2026-07-31,Canvas Slip-On,CNV-006,North,4,"Absolutely love these, will buy another pair!"
500362,101267,2026-07-19,Cork Sandal,CRK-004,East,2,Shipment got stuck in transit for days before arriving.
500363,100741,2026-06-16,Merino Wool Loafer,MWL-001,North,4,"Loved the material, feels premium and sustainable."
500364,101283,2026-05-11,Canvas Slip-On,CNV-006,South,4,"Great everyday shoe, gets compliments all the time."
500365,100303,2026-05-06,Canvas Slip-On,CNV-006,East,5,"Exactly as described, fast shipping too."
500366,100536,2026-06-26,Recycled PET Runner,RPR-003,West,4,"Loved the material, feels premium and sustainable."
500367,100933,2026-02-12,Recycled PET Runner,RPR-003,East,4,"Loved the material, feels premium and sustainable."
500368,100302,2026-06-10,Cork Sandal,CRK-004,West,5,"Good value for the price, would buy again."
500369,100521,2026-05-25,Cork Sandal,CRK-004,East,3,"Very comfortable, perfect for long walks."
500370,100507,2026-03-03,Recycled PET Runner,RPR-003,East,5,Perfect fit and very breathable material.
500371,101286,2026-02-27,Bamboo Fiber Sneaker,BFS-002,West,2,"Really slow delivery this time, not the usual experience."
500372,100026,2026-06-08,Merino Wool Loafer,MWL-001,North,5,"Great everyday shoe, gets compliments all the time."
500373,100240,2026-07-21,Recycled PET Runner,RPR-003,East,4,"Loved the material, feels premium and sustainable."
500374,100190,2026-03-22,Bamboo Fiber Sneaker,BFS-002,East,3,"Loved the material, feels premium and sustainable."
500375,101343,2026-03-03,Recycled PET Runner,RPR-003,South,3,"A bit pricey for what you get, but decent quality."
500376,100815,2026-03-25,Bamboo Fiber Sneaker,BFS-002,North,4,Stitching came a little loose after light use.
500377,100165,2026-02-24,Recycled PET Runner,RPR-003,South,4,"Great everyday shoe, gets compliments all the time."
500378,100531,2026-06-19,Cork Sandal,CRK-004,West,3,Shipment got stuck in transit for days before arriving.
500379,100932,2026-07-03,Cork Sandal,CRK-004,South,3,Color faded slightly after a few washes.
500380,100194,2026-06-06,Recycled PET Runner,RPR-003,North,4,"Comfortable right out of the box, no break-in needed."
500381,100898,2026-03-22,Recycled PET Runner,RPR-003,West,5,Perfect fit and very breathable material.
500382,100434,2026-05-10,Hemp Espadrille,HMP-005,South,4,Perfect fit and very breathable material.
500383,101293,2026-07-04,Bamboo Fiber Sneaker,BFS-002,South,5,"Comfortable right out of the box, no break-in needed."
500384,101151,2026-07-02,Cork Sandal,CRK-004,West,5,"Worth every rupee, best purchase this year."
500385,101221,2026-03-30,Canvas Slip-On,CNV-006,South,5,"Absolutely love these, will buy another pair!"
500386,100259,2026-03-04,Hemp Espadrille,HMP-005,West,4,Perfect fit and very breathable material.
500387,100709,2026-04-18,Canvas Slip-On,CNV-006,West,5,"Great quality, super comfortable for daily wear."
500388,100310,2026-04-24,Hemp Espadrille,HMP-005,West,5,"Absolutely love these, will buy another pair!"
500389,100513,2026-02-04,Merino Wool Loafer,MWL-001,East,4,"Comfortable right out of the box, no break-in needed."
500390,100991,2026-03-23,Merino Wool Loafer,MWL-001,North,5,"Exactly as described, fast shipping too."
500391,100546,2026-02-08,Recycled PET Runner,RPR-003,North,4,"Great everyday shoe, gets compliments all the time."
500392,100675,2026-04-01,Hemp Espadrille,HMP-005,West,4,Color faded slightly after a few washes.
500393,100908,2026-07-11,Cork Sandal,CRK-004,North,4,Perfect fit and very breathable material.
500394,100392,2026-02-14,Merino Wool Loafer,MWL-001,South,5,"Exactly as described, fast shipping too."
500395,100601,2026-03-31,Canvas Slip-On,CNV-006,East,4,"Great quality, super comfortable for daily wear."
500396,100316,2026-06-25,Recycled PET Runner,RPR-003,West,4,"Absolutely love these, will buy another pair!"
500397,100752,2026-05-27,Canvas Slip-On,CNV-006,West,5,"Absolutely love these, will buy another pair!"
500398,101144,2026-06-08,Hemp Espadrille,HMP-005,West,4,"Exactly as described, fast shipping too."
500399,100771,2026-05-13,Merino Wool Loafer,MWL-001,West,5,"Exactly as described, fast shipping too."
500400,101020,2026-02-19,Merino Wool Loafer,MWL-001,East,4,"Absolutely love these, will buy another pair!"
500401,101313,2026-07-02,Bamboo Fiber Sneaker,BFS-002,East,4,"Comfortable right out of the box, no break-in needed."
500402,100746,2026-03-15,Recycled PET Runner,RPR-003,West,4,Color faded slightly after a few washes.
500403,100891,2026-02-11,Bamboo Fiber Sneaker,BFS-002,South,5,"Exactly as described, fast shipping too."
500404,101314,2026-03-20,Hemp Espadrille,HMP-005,South,5,"Great everyday shoe, gets compliments all the time."
500405,100112,2026-06-11,Bamboo Fiber Sneaker,BFS-002,West,4,"Great quality, super comfortable for daily wear."
500406,101188,2026-07-19,Bamboo Fiber Sneaker,BFS-002,West,4,Perfect fit and very breathable material.
500407,100587,2026-02-17,Cork Sandal,CRK-004,East,4,Stitching came a little loose after light use.
500408,101192,2026-02-24,Recycled PET Runner,RPR-003,South,4,"Great everyday shoe, gets compliments all the time."
500409,100817,2026-07-16,Recycled PET Runner,RPR-003,South,4,"Great quality, super comfortable for daily wear."
500410,100353,2026-07-31,Bamboo Fiber Sneaker,BFS-002,South,3,Stitching came a little loose after light use.
500411,100834,2026-03-07,Cork Sandal,CRK-004,South,4,"Loved the material, feels premium and sustainable."
500412,100147,2026-04-27,Bamboo Fiber Sneaker,BFS-002,West,3,Sole started wearing out after a couple months.
500413,100276,2026-05-11,Canvas Slip-On,CNV-006,West,4,"Loved the material, feels premium and sustainable."
500414,101229,2026-07-19,Canvas Slip-On,CNV-006,South,5,"Loved the material, feels premium and sustainable."
500415,100215,2026-02-19,Hemp Espadrille,HMP-005,East,5,"Great quality, super comfortable for daily wear."
500416,100953,2026-06-15,Recycled PET Runner,RPR-003,West,5,Perfect fit and very breathable material.
500417,100987,2026-05-13,Canvas Slip-On,CNV-006,West,5,"Loved the material, feels premium and sustainable."
500418,100408,2026-05-01,Recycled PET Runner,RPR-003,West,4,"Very comfortable, perfect for long walks."
500419,100716,2026-05-08,Merino Wool Loafer,MWL-001,West,5,"Exactly as described, fast shipping too."
500420,101005,2026-06-05,Recycled PET Runner,RPR-003,South,4,Perfect fit and very breathable material.
500421,100007,2026-02-24,Hemp Espadrille,HMP-005,East,4,"Good value for the price, would buy again."
500422,100173,2026-05-20,Recycled PET Runner,RPR-003,East,5,"Great quality, super comfortable for daily wear."
500423,100836,2026-02-12,Canvas Slip-On,CNV-006,North,4,"Great quality, super comfortable for daily wear."
500424,100504,2026-04-05,Merino Wool Loafer,MWL-001,North,5,"Good value for the price, would buy again."
500425,100002,2026-07-05,Merino Wool Loafer,MWL-001,North,3,Shipment got stuck in transit for days before arriving.
500426,101254,2026-04-24,Bamboo Fiber Sneaker,BFS-002,South,5,"Great quality, super comfortable for daily wear."
500427,100072,2026-05-02,Recycled PET Runner,RPR-003,West,5,Perfect fit and very breathable material.
500428,100793,2026-06-08,Merino Wool Loafer,MWL-001,North,5,"Exactly as described, fast shipping too."
500429,101049,2026-05-24,Bamboo Fiber Sneaker,BFS-002,North,3,"Delivery took almost 3 weeks, way longer than promised."
500430,100428,2026-05-17,Canvas Slip-On,CNV-006,West,4,Sole started wearing out after a couple months.
500431,100538,2026-02-18,Merino Wool Loafer,MWL-001,East,5,"Good value for the price, would buy again."
500432,100427,2026-03-12,Cork Sandal,CRK-004,West,5,"Comfortable right out of the box, no break-in needed."
500433,100671,2026-03-31,Merino Wool Loafer,MWL-001,East,3,Color faded slightly after a few washes.
500434,100296,2026-03-11,Canvas Slip-On,CNV-006,East,5,"Absolutely love these, will buy another pair!"
500435,100751,2026-07-05,Cork Sandal,CRK-004,East,5,"Comfortable right out of the box, no break-in needed."
500436,100442,2026-04-05,Merino Wool Loafer,MWL-001,South,5,Perfect fit and very breathable material.
500437,100175,2026-03-04,Recycled PET Runner,RPR-003,East,4,"Great quality, super comfortable for daily wear."
500438,100181,2026-03-04,Recycled PET Runner,RPR-003,West,5,"Great everyday shoe, gets compliments all the time."
500439,100384,2026-03-08,Cork Sandal,CRK-004,West,3,"Very comfortable, perfect for long walks."
500440,100191,2026-03-20,Bamboo Fiber Sneaker,BFS-002,East,3,"Loved the material, feels premium and sustainable."
500441,100721,2026-03-07,Merino Wool Loafer,MWL-001,East,4,"Great quality, super comfortable for daily wear."
500442,101379,2026-04-12,Bamboo Fiber Sneaker,BFS-002,East,4,"Great everyday shoe, gets compliments all the time."
500443,100203,2026-07-31,Hemp Espadrille,HMP-005,East,4,Stitching came a little loose after light use.
500444,101171,2026-07-25,Cork Sandal,CRK-004,East,5,"Good value for the price, would buy again."
500445,101358,2026-05-05,Bamboo Fiber Sneaker,BFS-002,North,5,Perfect fit and very breathable material.
500446,100515,2026-03-03,Bamboo Fiber Sneaker,BFS-002,East,2,"Package was delayed multiple times, courier kept rescheduling."
500447,100113,2026-02-11,Cork Sandal,CRK-004,West,4,"Exactly as described, fast shipping too."
500448,100462,2026-06-23,Merino Wool Loafer,MWL-001,East,5,"Great everyday shoe, gets compliments all the time."
500449,101080,2026-06-29,Cork Sandal,CRK-004,South,5,"Comfortable right out of the box, no break-in needed."
500450,100990,2026-04-03,Cork Sandal,CRK-004,South,5,"Exactly as described, fast shipping too."
500451,100218,2026-06-24,Bamboo Fiber Sneaker,BFS-002,West,5,"Great quality, super comfortable for daily wear."
500452,100961,2026-07-31,Hemp Espadrille,HMP-005,North,5,Perfect fit and very breathable material.
500453,101282,2026-05-09,Bamboo Fiber Sneaker,BFS-002,South,3,"Good value for the price, would buy again."
500454,100061,2026-05-27,Bamboo Fiber Sneaker,BFS-002,South,5,"Loved the material, feels premium and sustainable."
500455,101167,2026-06-02,Bamboo Fiber Sneaker,BFS-002,East,3,Shipment got stuck in transit for days before arriving.
500456,101125,2026-06-19,Cork Sandal,CRK-004,North,3,Sole started wearing out after a couple months.
500457,101065,2026-04-23,Canvas Slip-On,CNV-006,West,5,"Exactly as described, fast shipping too."
500458,100778,2026-06-10,Recycled PET Runner,RPR-003,South,2,"Really slow delivery this time, not the usual experience."
500459,100197,2026-05-02,Merino Wool Loafer,MWL-001,North,4,Stitching came a little loose after light use.
500460,100266,2026-02-14,Recycled PET Runner,RPR-003,South,5,"Great everyday shoe, gets compliments all the time."
500461,101319,2026-04-21,Hemp Espadrille,HMP-005,North,5,"Absolutely love these, will buy another pair!"
500462,100893,2026-07-31,Cork Sandal,CRK-004,West,4,"Great everyday shoe, gets compliments all the time."
500463,101123,2026-03-22,Cork Sandal,CRK-004,North,3,Color faded slightly after a few washes.
500464,101368,2026-06-02,Bamboo Fiber Sneaker,BFS-002,East,5,"Exactly as described, fast shipping too."
500465,100642,2026-04-17,Merino Wool Loafer,MWL-001,North,5,"Great quality, super comfortable for daily wear."
500466,101355,2026-06-05,Bamboo Fiber Sneaker,BFS-002,South,1,Order tracking showed no movement for over a week.
500467,100640,2026-03-28,Hemp Espadrille,HMP-005,West,3,"Loved the material, feels premium and sustainable."
500468,100996,2026-06-02,Canvas Slip-On,CNV-006,West,4,"Exactly as described, fast shipping too."
500469,100890,2026-03-30,Cork Sandal,CRK-004,East,4,"Comfortable right out of the box, no break-in needed."
500470,100995,2026-05-06,Canvas Slip-On,CNV-006,East,5,"Exactly as described, fast shipping too."
500471,101089,2026-05-18,Cork Sandal,CRK-004,East,5,"Absolutely love these, will buy another pair!"
500472,101153,2026-03-06,Merino Wool Loafer,MWL-001,West,4,"Comfortable right out of the box, no break-in needed."
500473,100301,2026-04-28,Bamboo Fiber Sneaker,BFS-002,West,5,"Exactly as described, fast shipping too."
500474,100088,2026-04-10,Bamboo Fiber Sneaker,BFS-002,South,2,Shipment got stuck in transit for days before arriving.
500475,100387,2026-04-25,Canvas Slip-On,CNV-006,West,4,"Absolutely love these, will buy another pair!"
500476,100128,2026-02-05,Merino Wool Loafer,MWL-001,South,2,"Package was delayed multiple times, courier kept rescheduling."
500477,100284,2026-04-06,Recycled PET Runner,RPR-003,West,3,"Very comfortable, perfect for long walks."
500478,100066,2026-02-17,Hemp Espadrille,HMP-005,East,5,"Great everyday shoe, gets compliments all the time."
500479,100351,2026-04-01,Recycled PET Runner,RPR-003,South,4,"Good value for the price, would buy again."
500480,101216,2026-06-27,Bamboo Fiber Sneaker,BFS-002,North,5,Perfect fit and very breathable material.
500481,100600,2026-04-15,Recycled PET Runner,RPR-003,East,5,"Loved the material, feels premium and sustainable."
500482,100241,2026-06-28,Merino Wool Loafer,MWL-001,East,4,Perfect fit and very breathable material.
500483,100490,2026-06-27,Hemp Espadrille,HMP-005,North,5,"Exactly as described, fast shipping too."
500484,101041,2026-05-21,Cork Sandal,CRK-004,East,4,Color faded slightly after a few washes.
500485,100689,2026-07-13,Hemp Espadrille,HMP-005,North,3,"Good value for the price, would buy again."
500486,100779,2026-05-23,Recycled PET Runner,RPR-003,East,4,"Good value for the price, would buy again."
500487,100104,2026-05-02,Merino Wool Loafer,MWL-001,North,5,"Good value for the price, would buy again."
500488,101255,2026-07-16,Bamboo Fiber Sneaker,BFS-002,South,5,"Great quality, super comfortable for daily wear."
500489,100063,2026-04-06,Merino Wool Loafer,MWL-001,West,5,"Comfortable right out of the box, no break-in needed."
500490,101191,2026-04-12,Cork Sandal,CRK-004,South,5,"Great quality, super comfortable for daily wear."
500491,101162,2026-04-17,Canvas Slip-On,CNV-006,West,4,"Loved the material, feels premium and sustainable."
500492,100008,2026-06-28,Cork Sandal,CRK-004,North,3,Order tracking showed no movement for over a week.
500493,100682,2026-02-27,Hemp Espadrille,HMP-005,West,4,"Worth every rupee, best purchase this year."
500494,100597,2026-05-28,Canvas Slip-On,CNV-006,East,5,"Worth every rupee, best purchase this year."
500495,101063,2026-03-12,Hemp Espadrille,HMP-005,South,4,"Very comfortable, perfect for long walks."
500496,100043,2026-02-19,Hemp Espadrille,HMP-005,South,4,"Very comfortable, perfect for long walks."
500497,100975,2026-04-13,Hemp Espadrille,HMP-005,West,3,Stitching came a little loose after light use.
500498,101220,2026-02-14,Merino Wool Loafer,MWL-001,East,4,"Great quality, super comfortable for daily wear."
500499,100535,2026-07-17,Hemp Espadrille,HMP-005,South,5,"Absolutely love these, will buy another pair!"
500500,100811,2026-05-03,Recycled PET Runner,RPR-003,West,4,"Loved the material, feels premium and sustainable."
500501,101158,2026-05-05,Cork Sandal,CRK-004,South,5,"Comfortable right out of the box, no break-in needed."
500502,100385,2026-04-30,Bamboo Fiber Sneaker,BFS-002,East,2,"Really slow delivery this time, not the usual experience."
500503,101201,2026-07-02,Bamboo Fiber Sneaker,BFS-002,East,3,"Great quality, super comfortable for daily wear."
500504,100533,2026-07-19,Merino Wool Loafer,MWL-001,South,2,"Ordered my usual size but it's way too tight, returning it."
500505,101084,2026-03-20,Cork Sandal,CRK-004,North,3,"Package was delayed multiple times, courier kept rescheduling."
500506,100911,2026-02-13,Canvas Slip-On,CNV-006,East,3,Stitching came a little loose after light use.
500507,100498,2026-03-07,Merino Wool Loafer,MWL-001,South,3,"Loved the material, feels premium and sustainable."
500508,101173,2026-06-14,Hemp Espadrille,HMP-005,East,5,"Great quality, super comfortable for daily wear."
500509,100776,2026-04-30,Cork Sandal,CRK-004,North,5,"Comfortable right out of the box, no break-in needed."
500510,100346,2026-07-31,Merino Wool Loafer,MWL-001,West,4,"Exactly as described, fast shipping too."
500511,100619,2026-06-09,Recycled PET Runner,RPR-003,East,3,"A bit pricey for what you get, but decent quality."
500512,100440,2026-05-17,Cork Sandal,CRK-004,South,3,"Delivery took almost 3 weeks, way longer than promised."
500513,101276,2026-04-27,Cork Sandal,CRK-004,South,4,"Great quality, super comfortable for daily wear."
500514,100380,2026-06-07,Hemp Espadrille,HMP-005,South,4,Color faded slightly after a few washes.
500515,100699,2026-07-18,Hemp Espadrille,HMP-005,East,3,Shipment got stuck in transit for days before arriving.
500516,101196,2026-07-06,Recycled PET Runner,RPR-003,South,5,"Exactly as described, fast shipping too."
500517,100323,2026-02-09,Merino Wool Loafer,MWL-001,South,3,"Really slow delivery this time, not the usual experience."
500518,100837,2026-07-26,Merino Wool Loafer,MWL-001,West,2,"Runs really small, had to return and reorder a size up."
500519,100246,2026-03-15,Hemp Espadrille,HMP-005,West,5,"Exactly as described, fast shipping too."
500520,100370,2026-03-11,Bamboo Fiber Sneaker,BFS-002,North,4,"Comfortable right out of the box, no break-in needed."
500521,101008,2026-03-02,Merino Wool Loafer,MWL-001,North,4,"Absolutely love these, will buy another pair!"
500522,100409,2026-04-06,Cork Sandal,CRK-004,West,4,"Good value for the price, would buy again."
500523,100388,2026-06-15,Hemp Espadrille,HMP-005,South,4,"Loved the material, feels premium and sustainable."
500524,100626,2026-05-25,Merino Wool Loafer,MWL-001,East,4,"Exactly as described, fast shipping too."
500525,100059,2026-04-05,Merino Wool Loafer,MWL-001,East,4,"Worth every rupee, best purchase this year."
500526,101269,2026-02-16,Cork Sandal,CRK-004,East,3,"Very comfortable, perfect for long walks."
500527,100339,2026-06-28,Hemp Espadrille,HMP-005,South,5,"Great everyday shoe, gets compliments all the time."
500528,100826,2026-03-23,Recycled PET Runner,RPR-003,West,5,Perfect fit and very breathable material.
500529,100103,2026-03-04,Canvas Slip-On,CNV-006,South,4,"Loved the material, feels premium and sustainable."
500530,100004,2026-05-30,Cork Sandal,CRK-004,South,5,"Loved the material, feels premium and sustainable."
500531,100468,2026-06-19,Merino Wool Loafer,MWL-001,West,3,"Worth every rupee, best purchase this year."
500532,100982,2026-02-15,Recycled PET Runner,RPR-003,South,5,"Loved the material, feels premium and sustainable."
500533,100412,2026-05-04,Canvas Slip-On,CNV-006,West,4,"Great quality, super comfortable for daily wear."
500534,100743,2026-06-21,Recycled PET Runner,RPR-003,East,5,"Worth every rupee, best purchase this year."
500535,100856,2026-06-26,Merino Wool Loafer,MWL-001,East,4,"Worth every rupee, best purchase this year."
500536,100143,2026-07-15,Recycled PET Runner,RPR-003,West,4,"Absolutely love these, will buy another pair!"
500537,101069,2026-03-13,Bamboo Fiber Sneaker,BFS-002,West,5,"Comfortable right out of the box, no break-in needed."
500538,100617,2026-07-18,Merino Wool Loafer,MWL-001,North,1,"Ordered my usual size but it's way too tight, returning it."
500539,100126,2026-04-22,Hemp Espadrille,HMP-005,West,3,"A bit pricey for what you get, but decent quality."
500540,100544,2026-02-16,Bamboo Fiber Sneaker,BFS-002,South,3,Stitching came a little loose after light use.
500541,100287,2026-04-28,Hemp Espadrille,HMP-005,East,5,Perfect fit and very breathable material.
500542,100717,2026-06-16,Hemp Espadrille,HMP-005,South,5,Perfect fit and very breathable material.
500543,101258,2026-02-21,Hemp Espadrille,HMP-005,North,5,"Absolutely love these, will buy another pair!"
500544,100835,2026-06-22,Canvas Slip-On,CNV-006,West,5,"Great everyday shoe, gets compliments all the time."
500545,101055,2026-03-30,Canvas Slip-On,CNV-006,West,5,"Absolutely love these, will buy another pair!"
500546,100378,2026-05-08,Merino Wool Loafer,MWL-001,West,5,"Great quality, super comfortable for daily wear."
500547,100463,2026-04-27,Canvas Slip-On,CNV-006,East,4,"Loved the material, feels premium and sustainable."
500548,100634,2026-07-29,Recycled PET Runner,RPR-003,East,2,"Delivery took almost 3 weeks, way longer than promised."
500549,100703,2026-03-06,Recycled PET Runner,RPR-003,South,4,"Great everyday shoe, gets compliments all the time."
500550,101009,2026-06-15,Cork Sandal,CRK-004,North,4,"Great quality, super comfortable for daily wear."
500551,100487,2026-07-31,Canvas Slip-On,CNV-006,East,5,Perfect fit and very breathable material.
500552,100528,2026-07-12,Recycled PET Runner,RPR-003,North,4,"Absolutely love these, will buy another pair!"
500553,100424,2026-04-19,Recycled PET Runner,RPR-003,West,4,"A bit pricey for what you get, but decent quality."
500554,100677,2026-03-24,Merino Wool Loafer,MWL-001,South,4,"A bit pricey for what you get, but decent quality."
500555,100193,2026-06-21,Bamboo Fiber Sneaker,BFS-002,West,4,"Worth every rupee, best purchase this year."
500556,100871,2026-04-19,Cork Sandal,CRK-004,North,5,"Great everyday shoe, gets compliments all the time."
500557,100654,2026-02-11,Canvas Slip-On,CNV-006,South,5,"Absolutely love these, will buy another pair!"
500558,100833,2026-03-14,Merino Wool Loafer,MWL-001,North,4,"Very comfortable, perfect for long walks."
500559,100330,2026-06-30,Cork Sandal,CRK-004,East,5,"Comfortable right out of the box, no break-in needed."
500560,100018,2026-03-01,Bamboo Fiber Sneaker,BFS-002,West,4,"Exactly as described, fast shipping too."
500561,100649,2026-06-11,Cork Sandal,CRK-004,North,4,"Loved the material, feels premium and sustainable."
500562,100369,2026-04-06,Canvas Slip-On,CNV-006,North,4,"Worth every rupee, best purchase this year."
500563,100047,2026-03-18,Recycled PET Runner,RPR-003,West,2,"Delivery took almost 3 weeks, way longer than promised."
500564,100827,2026-07-13,Cork Sandal,CRK-004,East,3,Order tracking showed no movement for over a week.
500565,100754,2026-07-19,Canvas Slip-On,CNV-006,South,4,"Loved the material, feels premium and sustainable."
500566,100334,2026-03-10,Hemp Espadrille,HMP-005,East,5,"Exactly as described, fast shipping too."
500567,100695,2026-07-24,Hemp Espadrille,HMP-005,North,5,Perfect fit and very breathable material.
500568,100455,2026-04-08,Merino Wool Loafer,MWL-001,East,5,"Comfortable right out of the box, no break-in needed."
500569,101028,2026-03-13,Merino Wool Loafer,MWL-001,East,3,"Very comfortable, perfect for long walks."
500570,100622,2026-07-13,Canvas Slip-On,CNV-006,North,5,"Exactly as described, fast shipping too."
500571,100917,2026-06-17,Recycled PET Runner,RPR-003,East,4,"Good value for the price, would buy again."
500572,101248,2026-04-12,Hemp Espadrille,HMP-005,West,5,"Absolutely love these, will buy another pair!"
500573,100757,2026-07-02,Merino Wool Loafer,MWL-001,North,5,Perfect fit and very breathable material.
500574,100628,2026-03-02,Recycled PET Runner,RPR-003,North,3,Shipment got stuck in transit for days before arriving.
500575,100814,2026-03-16,Cork Sandal,CRK-004,North,5,"Exactly as described, fast shipping too."
500576,100084,2026-06-29,Hemp Espadrille,HMP-005,West,4,"Very comfortable, perfect for long walks."
500577,100357,2026-02-19,Hemp Espadrille,HMP-005,West,5,"Good value for the price, would buy again."
500578,100439,2026-06-27,Bamboo Fiber Sneaker,BFS-002,South,2,"Delivery took almost 3 weeks, way longer than promised."
500579,101159,2026-07-31,Recycled PET Runner,RPR-003,West,3,"A bit pricey for what you get, but decent quality."
500580,101349,2026-04-11,Merino Wool Loafer,MWL-001,West,5,"Exactly as described, fast shipping too."
500581,100859,2026-02-24,Bamboo Fiber Sneaker,BFS-002,East,4,Sole started wearing out after a couple months.
500582,100872,2026-02-26,Canvas Slip-On,CNV-006,East,5,"Great quality, super comfortable for daily wear."
500583,101004,2026-05-11,Recycled PET Runner,RPR-003,North,5,"Exactly as described, fast shipping too."
500584,101130,2026-05-20,Merino Wool Loafer,MWL-001,South,3,"Package was delayed multiple times, courier kept rescheduling."
500585,100928,2026-06-27,Canvas Slip-On,CNV-006,West,5,"Absolutely love these, will buy another pair!"
500586,100831,2026-06-17,Cork Sandal,CRK-004,South,5,"Good value for the price, would buy again."
500587,100200,2026-05-28,Cork Sandal,CRK-004,West,5,"Absolutely love these, will buy another pair!"
500588,100730,2026-07-07,Bamboo Fiber Sneaker,BFS-002,West,5,"Exactly as described, fast shipping too."
500589,100989,2026-06-14,Bamboo Fiber Sneaker,BFS-002,South,5,"Great everyday shoe, gets compliments all the time."
500590,101290,2026-06-30,Merino Wool Loafer,MWL-001,South,2,"Package was delayed multiple times, courier kept rescheduling."
500591,100586,2026-06-06,Merino Wool Loafer,MWL-001,South,5,"Loved the material, feels premium and sustainable."
500592,100804,2026-04-17,Cork Sandal,CRK-004,West,5,"Absolutely love these, will buy another pair!"
500593,101270,2026-04-30,Merino Wool Loafer,MWL-001,North,5,"Exactly as described, fast shipping too."
500594,100517,2026-06-21,Hemp Espadrille,HMP-005,North,5,"Exactly as described, fast shipping too."
500595,101246,2026-04-22,Bamboo Fiber Sneaker,BFS-002,South,5,"Great quality, super comfortable for daily wear."
500596,100131,2026-05-26,Canvas Slip-On,CNV-006,South,5,"Loved the material, feels premium and sustainable."
500597,101111,2026-06-13,Bamboo Fiber Sneaker,BFS-002,North,3,"Very comfortable, perfect for long walks."
500598,101205,2026-05-20,Cork Sandal,CRK-004,East,5,"Exactly as described, fast shipping too."
500599,100309,2026-03-31,Cork Sandal,CRK-004,South,4,"Comfortable right out of the box, no break-in needed."
500600,100690,2026-03-06,Bamboo Fiber Sneaker,BFS-002,West,4,Color faded slightly after a few washes.
500601,100562,2026-07-06,Merino Wool Loafer,MWL-001,East,2,"Package was delayed multiple times, courier kept rescheduling."
500602,100479,2026-07-09,Merino Wool Loafer,MWL-001,South,5,Perfect fit and very breathable material.
500603,101121,2026-03-29,Merino Wool Loafer,MWL-001,South,5,"Great everyday shoe, gets compliments all the time."
500604,100457,2026-06-21,Hemp Espadrille,HMP-005,East,5,"Absolutely love these, will buy another pair!"
500605,101045,2026-07-16,Cork Sandal,CRK-004,South,3,"A bit pricey for what you get, but decent quality."
500606,100494,2026-07-31,Cork Sandal,CRK-004,West,5,"Great everyday shoe, gets compliments all the time."
500607,101147,2026-07-21,Hemp Espadrille,HMP-005,North,2,Order tracking showed no movement for over a week.
500608,100554,2026-03-23,Recycled PET Runner,RPR-003,East,2,"Delivery took almost 3 weeks, way longer than promised."
500609,100247,2026-06-01,Hemp Espadrille,HMP-005,South,2,"Delivery took almost 3 weeks, way longer than promised."
500610,100250,2026-06-04,Canvas Slip-On,CNV-006,West,4,"Very comfortable, perfect for long walks."
500611,101271,2026-05-22,Cork Sandal,CRK-004,North,3,"Very comfortable, perfect for long walks."
500612,100964,2026-04-03,Hemp Espadrille,HMP-005,West,5,"Exactly as described, fast shipping too."
500613,100772,2026-06-15,Hemp Espadrille,HMP-005,East,5,"Comfortable right out of the box, no break-in needed."
500614,100676,2026-03-28,Hemp Espadrille,HMP-005,South,3,"Good value for the price, would buy again."
500615,100820,2026-07-07,Bamboo Fiber Sneaker,BFS-002,East,5,"Great everyday shoe, gets compliments all the time."
500616,100997,2026-07-27,Bamboo Fiber Sneaker,BFS-002,East,4,Stitching came a little loose after light use.
500617,100109,2026-06-06,Cork Sandal,CRK-004,South,5,"Exactly as described, fast shipping too."
500618,100446,2026-07-26,Hemp Espadrille,HMP-005,South,4,"Worth every rupee, best purchase this year."
500619,100733,2026-03-26,Bamboo Fiber Sneaker,BFS-002,East,5,"Loved the material, feels premium and sustainable."
500620,101243,2026-07-16,Bamboo Fiber Sneaker,BFS-002,West,3,"Loved the material, feels premium and sustainable."
500621,101200,2026-04-24,Bamboo Fiber Sneaker,BFS-002,North,3,Color faded slightly after a few washes.
500622,100335,2026-07-31,Bamboo Fiber Sneaker,BFS-002,North,5,"Great everyday shoe, gets compliments all the time."
500623,100393,2026-07-26,Hemp Espadrille,HMP-005,West,5,Perfect fit and very breathable material.
500624,101289,2026-03-16,Canvas Slip-On,CNV-006,West,4,"Worth every rupee, best purchase this year."
500625,100226,2026-04-14,Canvas Slip-On,CNV-006,South,3,"A bit pricey for what you get, but decent quality."
500626,101103,2026-05-12,Canvas Slip-On,CNV-006,South,5,"Absolutely love these, will buy another pair!"
500627,100264,2026-05-13,Canvas Slip-On,CNV-006,West,2,"Really slow delivery this time, not the usual experience."
500628,100880,2026-02-27,Cork Sandal,CRK-004,South,2,"Really slow delivery this time, not the usual experience."
500629,100822,2026-07-15,Merino Wool Loafer,MWL-001,East,5,"Loved the material, feels premium and sustainable."
500630,101185,2026-05-05,Cork Sandal,CRK-004,West,3,"Good value for the price, would buy again."
500631,100127,2026-04-17,Bamboo Fiber Sneaker,BFS-002,South,4,"Loved the material, feels premium and sustainable."
500632,101253,2026-05-21,Canvas Slip-On,CNV-006,West,5,"Loved the material, feels premium and sustainable."
500633,101294,2026-03-30,Recycled PET Runner,RPR-003,South,3,"Great quality, super comfortable for daily wear."
500634,100548,2026-05-01,Hemp Espadrille,HMP-005,North,4,Sole started wearing out after a couple months.
500635,101320,2026-05-30,Bamboo Fiber Sneaker,BFS-002,East,4,Color faded slightly after a few washes.
500636,100867,2026-02-20,Merino Wool Loafer,MWL-001,North,2,"Package was delayed multiple times, courier kept rescheduling."
500637,100977,2026-03-20,Cork Sandal,CRK-004,North,3,"Worth every rupee, best purchase this year."
500638,100093,2026-07-26,Cork Sandal,CRK-004,East,5,"Worth every rupee, best purchase this year."
500639,101014,2026-05-12,Merino Wool Loafer,MWL-001,North,4,Stitching came a little loose after light use.
500640,100341,2026-02-10,Recycled PET Runner,RPR-003,North,5,"Exactly as described, fast shipping too."
500641,100230,2026-04-23,Cork Sandal,CRK-004,East,4,"Loved the material, feels premium and sustainable."
500642,101357,2026-05-05,Merino Wool Loafer,MWL-001,West,4,"Great everyday shoe, gets compliments all the time."
500643,100616,2026-02-15,Canvas Slip-On,CNV-006,East,5,"Exactly as described, fast shipping too."
500644,100067,2026-02-20,Hemp Espadrille,HMP-005,East,3,"Really slow delivery this time, not the usual experience."
500645,100660,2026-06-18,Hemp Espadrille,HMP-005,West,4,"Loved the material, feels premium and sustainable."
500646,101345,2026-03-01,Hemp Espadrille,HMP-005,West,5,"Great quality, super comfortable for daily wear."
500647,100926,2026-05-18,Recycled PET Runner,RPR-003,East,5,"Great everyday shoe, gets compliments all the time."
500648,100735,2026-03-22,Hemp Espadrille,HMP-005,West,5,"Great everyday shoe, gets compliments all the time."
500649,101062,2026-05-09,Merino Wool Loafer,MWL-001,East,5,"Great everyday shoe, gets compliments all the time."
500650,100391,2026-02-11,Merino Wool Loafer,MWL-001,North,5,"Comfortable right out of the box, no break-in needed."
500651,101231,2026-03-17,Cork Sandal,CRK-004,East,3,"A bit pricey for what you get, but decent quality."
500652,100658,2026-07-25,Cork Sandal,CRK-004,North,4,"Absolutely love these, will buy another pair!"
500653,100576,2026-04-03,Canvas Slip-On,CNV-006,West,2,"Package was delayed multiple times, courier kept rescheduling."
500654,101203,2026-03-02,Canvas Slip-On,CNV-006,East,5,"Worth every rupee, best purchase this year."
500655,100239,2026-05-02,Hemp Espadrille,HMP-005,South,4,"Loved the material, feels premium and sustainable."
500656,100229,2026-07-18,Canvas Slip-On,CNV-006,East,5,"Exactly as described, fast shipping too."
500657,100941,2026-02-15,Canvas Slip-On,CNV-006,East,5,"Loved the material, feels premium and sustainable."
500658,101296,2026-06-08,Recycled PET Runner,RPR-003,West,5,"Worth every rupee, best purchase this year."
500659,100298,2026-06-28,Hemp Espadrille,HMP-005,East,5,Perfect fit and very breathable material.
500660,100803,2026-02-08,Recycled PET Runner,RPR-003,South,5,"Comfortable right out of the box, no break-in needed."
500661,100115,2026-05-14,Cork Sandal,CRK-004,East,4,"Great everyday shoe, gets compliments all the time."
500662,100785,2026-06-29,Recycled PET Runner,RPR-003,East,3,Sole started wearing out after a couple months.
500663,100349,2026-07-31,Bamboo Fiber Sneaker,BFS-002,North,5,Perfect fit and very breathable material.
500664,100607,2026-04-08,Canvas Slip-On,CNV-006,North,4,"Great quality, super comfortable for daily wear."
500665,100846,2026-05-06,Hemp Espadrille,HMP-005,East,5,"Great quality, super comfortable for daily wear."
500666,101306,2026-03-26,Recycled PET Runner,RPR-003,South,5,"Exactly as described, fast shipping too."
500667,100994,2026-03-09,Hemp Espadrille,HMP-005,North,5,"Great quality, super comfortable for daily wear."
500668,100377,2026-05-13,Hemp Espadrille,HMP-005,South,5,"Exactly as described, fast shipping too."
500669,100805,2026-04-14,Cork Sandal,CRK-004,South,4,Sole started wearing out after a couple months.
500670,100321,2026-02-18,Canvas Slip-On,CNV-006,South,5,"Comfortable right out of the box, no break-in needed."
500671,100390,2026-03-29,Bamboo Fiber Sneaker,BFS-002,West,5,"Comfortable right out of the box, no break-in needed."
500672,101150,2026-05-01,Recycled PET Runner,RPR-003,North,5,"Worth every rupee, best purchase this year."
500673,100976,2026-02-15,Recycled PET Runner,RPR-003,North,5,"Absolutely love these, will buy another pair!"
500674,100319,2026-06-12,Cork Sandal,CRK-004,East,3,Color faded slightly after a few washes.
500675,100064,2026-04-01,Recycled PET Runner,RPR-003,South,5,"Great everyday shoe, gets compliments all the time."
500676,100605,2026-03-24,Hemp Espadrille,HMP-005,East,4,"Loved the material, feels premium and sustainable."
500677,100549,2026-07-23,Canvas Slip-On,CNV-006,West,5,"Comfortable right out of the box, no break-in needed."
500678,101194,2026-02-28,Canvas Slip-On,CNV-006,South,3,"Really slow delivery this time, not the usual experience."
500679,101052,2026-07-09,Hemp Espadrille,HMP-005,South,5,"Great everyday shoe, gets compliments all the time."
500680,101019,2026-06-26,Recycled PET Runner,RPR-003,West,4,"Comfortable right out of the box, no break-in needed."
500681,100328,2026-06-29,Bamboo Fiber Sneaker,BFS-002,East,5,Perfect fit and very breathable material.
500682,100374,2026-06-20,Canvas Slip-On,CNV-006,West,3,"Great quality, super comfortable for daily wear."
500683,100696,2026-05-12,Canvas Slip-On,CNV-006,North,3,"Worth every rupee, best purchase this year."
500684,101240,2026-04-26,Canvas Slip-On,CNV-006,West,3,Color faded slightly after a few washes.
500685,100901,2026-06-06,Hemp Espadrille,HMP-005,South,3,"Really slow delivery this time, not the usual experience."
500686,100680,2026-06-18,Merino Wool Loafer,MWL-001,East,5,"Great everyday shoe, gets compliments all the time."
500687,100863,2026-03-11,Canvas Slip-On,CNV-006,North,5,"Loved the material, feels premium and sustainable."
500688,100725,2026-02-22,Bamboo Fiber Sneaker,BFS-002,South,4,Sole started wearing out after a couple months.
500689,100228,2026-07-07,Cork Sandal,CRK-004,West,5,Perfect fit and very breathable material.
500690,100110,2026-06-13,Recycled PET Runner,RPR-003,South,5,"Absolutely love these, will buy another pair!"
500691,101115,2026-06-13,Merino Wool Loafer,MWL-001,North,3,Sole started wearing out after a couple months.
500692,101371,2026-02-18,Cork Sandal,CRK-004,South,5,"Comfortable right out of the box, no break-in needed."
500693,100552,2026-03-23,Cork Sandal,CRK-004,North,5,"Loved the material, feels premium and sustainable."
500694,100472,2026-06-28,Hemp Espadrille,HMP-005,South,5,"Worth every rupee, best purchase this year."
500695,101336,2026-07-31,Hemp Espadrille,HMP-005,East,4,"Exactly as described, fast shipping too."
500696,100149,2026-02-20,Hemp Espadrille,HMP-005,South,3,"Delivery took almost 3 weeks, way longer than promised."
500697,100304,2026-04-30,Hemp Espadrille,HMP-005,North,2,Shipment got stuck in transit for days before arriving.
500698,100225,2026-06-28,Canvas Slip-On,CNV-006,North,5,"Comfortable right out of the box, no break-in needed."
500699,101251,2026-05-10,Bamboo Fiber Sneaker,BFS-002,West,5,"Comfortable right out of the box, no break-in needed."
500700,100697,2026-04-22,Hemp Espadrille,HMP-005,North,3,"Package was delayed multiple times, courier kept rescheduling."
500701,100467,2026-05-31,Cork Sandal,CRK-004,West,4,"Good value for the price, would buy again."
500702,100151,2026-03-16,Hemp Espadrille,HMP-005,West,3,"Loved the material, feels premium and sustainable."
500703,100758,2026-05-02,Hemp Espadrille,HMP-005,East,2,Shipment got stuck in transit for days before arriving.
500704,100291,2026-06-25,Canvas Slip-On,CNV-006,West,4,Perfect fit and very breathable material.
500705,101311,2026-06-26,Recycled PET Runner,RPR-003,West,4,"Absolutely love these, will buy another pair!"
500706,101079,2026-07-31,Canvas Slip-On,CNV-006,North,2,"Package was delayed multiple times, courier kept rescheduling."
500707,100036,2026-03-28,Merino Wool Loafer,MWL-001,South,4,Stitching came a little loose after light use.
500708,100614,2026-06-10,Bamboo Fiber Sneaker,BFS-002,South,2,"Delivery took almost 3 weeks, way longer than promised."
500709,100720,2026-05-14,Hemp Espadrille,HMP-005,East,5,"Great quality, super comfortable for daily wear."
500710,101072,2026-05-25,Bamboo Fiber Sneaker,BFS-002,East,5,"Great quality, super comfortable for daily wear."
500711,100955,2026-05-26,Bamboo Fiber Sneaker,BFS-002,North,5,"A bit pricey for what you get, but decent quality."
500712,100858,2026-04-09,Cork Sandal,CRK-004,North,3,"Package was delayed multiple times, courier kept rescheduling."
500713,100281,2026-06-01,Recycled PET Runner,RPR-003,East,4,"Great quality, super comfortable for daily wear."
500714,100588,2026-06-21,Cork Sandal,CRK-004,South,4,"Comfortable right out of the box, no break-in needed."
500715,100918,2026-03-06,Hemp Espadrille,HMP-005,North,4,"Worth every rupee, best purchase this year."
500716,100647,2026-04-21,Bamboo Fiber Sneaker,BFS-002,East,4,"Absolutely love these, will buy another pair!"
500717,101232,2026-04-25,Bamboo Fiber Sneaker,BFS-002,West,4,Stitching came a little loose after light use.
500718,101031,2026-03-05,Merino Wool Loafer,MWL-001,South,4,Perfect fit and very breathable material.
500719,100299,2026-07-26,Canvas Slip-On,CNV-006,East,3,Sole started wearing out after a couple months.
500720,100386,2026-02-14,Canvas Slip-On,CNV-006,South,5,"Absolutely love these, will buy another pair!"
500721,101000,2026-07-09,Merino Wool Loafer,MWL-001,South,2,"Sizing is off compared to my last order, needed an exchange."
500722,100342,2026-05-31,Recycled PET Runner,RPR-003,East,3,Sole started wearing out after a couple months.
500723,101356,2026-02-27,Merino Wool Loafer,MWL-001,South,5,"A bit pricey for what you get, but decent quality."
500724,101323,2026-02-09,Hemp Espadrille,HMP-005,East,5,Perfect fit and very breathable material.
500725,100231,2026-02-15,Cork Sandal,CRK-004,West,5,Perfect fit and very breathable material.
500726,100054,2026-04-15,Hemp Espadrille,HMP-005,West,5,"Loved the material, feels premium and sustainable."
500727,100184,2026-04-02,Canvas Slip-On,CNV-006,East,5,Perfect fit and very breathable material.
500728,100500,2026-05-08,Bamboo Fiber Sneaker,BFS-002,West,4,"Great everyday shoe, gets compliments all the time."
500729,100402,2026-07-30,Bamboo Fiber Sneaker,BFS-002,South,5,"Exactly as described, fast shipping too."
500730,100307,2026-03-29,Canvas Slip-On,CNV-006,East,2,Order tracking showed no movement for over a week.
500731,101104,2026-02-23,Canvas Slip-On,CNV-006,East,3,Shipment got stuck in transit for days before arriving.
500732,101274,2026-07-31,Hemp Espadrille,HMP-005,South,4,"A bit pricey for what you get, but decent quality."
500733,101260,2026-03-20,Merino Wool Loafer,MWL-001,East,3,"Very comfortable, perfect for long walks."
500734,100672,2026-07-19,Hemp Espadrille,HMP-005,South,5,"Absolutely love these, will buy another pair!"
500735,100998,2026-05-21,Merino Wool Loafer,MWL-001,North,2,"Package was delayed multiple times, courier kept rescheduling."
500736,100433,2026-05-30,Hemp Espadrille,HMP-005,South,4,"Loved the material, feels premium and sustainable."
500737,100939,2026-02-04,Hemp Espadrille,HMP-005,North,3,"Good value for the price, would buy again."
500738,101215,2026-03-28,Recycled PET Runner,RPR-003,South,2,"Really slow delivery this time, not the usual experience."
500739,101073,2026-06-08,Cork Sandal,CRK-004,West,5,"Absolutely love these, will buy another pair!"
500740,100662,2026-04-15,Hemp Espadrille,HMP-005,South,5,"Great everyday shoe, gets compliments all the time."
500741,100074,2026-05-27,Hemp Espadrille,HMP-005,East,5,"Great everyday shoe, gets compliments all the time."
500742,100541,2026-04-09,Bamboo Fiber Sneaker,BFS-002,South,3,"Loved the material, feels premium and sustainable."
500743,101128,2026-02-24,Cork Sandal,CRK-004,South,5,"Comfortable right out of the box, no break-in needed."
500744,100749,2026-07-11,Bamboo Fiber Sneaker,BFS-002,West,5,"Great everyday shoe, gets compliments all the time."
500745,101119,2026-07-08,Canvas Slip-On,CNV-006,East,5,"Great everyday shoe, gets compliments all the time."
500746,101321,2026-07-17,Recycled PET Runner,RPR-003,East,5,"Great quality, super comfortable for daily wear."
500747,100404,2026-07-03,Merino Wool Loafer,MWL-001,South,1,"The size doesn't match the size chart at all, very disappointed."
500748,101098,2026-03-27,Recycled PET Runner,RPR-003,West,5,"Absolutely love these, will buy another pair!"
500749,100135,2026-07-10,Cork Sandal,CRK-004,East,5,"Absolutely love these, will buy another pair!"
500750,100332,2026-04-24,Recycled PET Runner,RPR-003,North,5,"Absolutely love these, will buy another pair!"
500751,100595,2026-07-31,Cork Sandal,CRK-004,North,4,"Great quality, super comfortable for daily wear."
500752,100056,2026-06-06,Recycled PET Runner,RPR-003,South,4,"Loved the material, feels premium and sustainable."
500753,100312,2026-07-04,Bamboo Fiber Sneaker,BFS-002,East,5,"Comfortable right out of the box, no break-in needed."
500754,100469,2026-05-01,Cork Sandal,CRK-004,West,3,"Really slow delivery this time, not the usual experience."
500755,100168,2026-02-13,Recycled PET Runner,RPR-003,East,4,Stitching came a little loose after light use.
500756,100592,2026-06-12,Cork Sandal,CRK-004,South,4,"Great quality, super comfortable for daily wear."
500757,101392,2026-05-10,Hemp Espadrille,HMP-005,North,3,"Great quality, super comfortable for daily wear."
500758,100453,2026-07-31,Cork Sandal,CRK-004,West,4,"Exactly as described, fast shipping too."
500759,100495,2026-04-17,Hemp Espadrille,HMP-005,South,3,Shipment got stuck in transit for days before arriving.
500760,101297,2026-07-28,Cork Sandal,CRK-004,West,4,"Very comfortable, perfect for long walks."
500761,100705,2026-05-07,Canvas Slip-On,CNV-006,West,3,Stitching came a little loose after light use.
500762,101143,2026-06-30,Cork Sandal,CRK-004,North,4,"Comfortable right out of the box, no break-in needed."
500763,100224,2026-04-01,Recycled PET Runner,RPR-003,East,3,"Worth every rupee, best purchase this year."
500764,100201,2026-03-16,Recycled PET Runner,RPR-003,East,4,"Loved the material, feels premium and sustainable."
500765,100762,2026-04-11,Hemp Espadrille,HMP-005,West,4,"Absolutely love these, will buy another pair!"
500766,100371,2026-07-08,Hemp Espadrille,HMP-005,East,3,"Really slow delivery this time, not the usual experience."
500767,100759,2026-07-05,Cork Sandal,CRK-004,West,4,"Loved the material, feels premium and sustainable."
500768,100105,2026-02-09,Canvas Slip-On,CNV-006,East,4,Stitching came a little loose after light use.
500769,100152,2026-06-06,Hemp Espadrille,HMP-005,West,5,"Loved the material, feels premium and sustainable."
500770,101190,2026-07-10,Canvas Slip-On,CNV-006,South,4,"Exactly as described, fast shipping too."
500771,101016,2026-03-04,Recycled PET Runner,RPR-003,West,5,"Good value for the price, would buy again."
500772,101212,2026-04-12,Merino Wool Loafer,MWL-001,West,3,Shipment got stuck in transit for days before arriving.
500773,101315,2026-07-02,Bamboo Fiber Sneaker,BFS-002,West,3,Sole started wearing out after a couple months.
500774,100099,2026-07-20,Bamboo Fiber Sneaker,BFS-002,North,4,"Worth every rupee, best purchase this year."
500775,100875,2026-03-24,Hemp Espadrille,HMP-005,North,5,"Great everyday shoe, gets compliments all the time."
500776,100486,2026-04-24,Bamboo Fiber Sneaker,BFS-002,South,4,Perfect fit and very breathable material.
500777,101157,2026-04-22,Hemp Espadrille,HMP-005,East,4,"Loved the material, feels premium and sustainable."
500778,100821,2026-07-31,Merino Wool Loafer,MWL-001,West,1,"Runs really small, had to return and reorder a size up."
500779,100121,2026-07-06,Merino Wool Loafer,MWL-001,North,4,"Comfortable right out of the box, no break-in needed."
500780,100849,2026-07-03,Canvas Slip-On,CNV-006,East,5,"Absolutely love these, will buy another pair!"
500781,100347,2026-04-14,Bamboo Fiber Sneaker,BFS-002,North,5,"Absolutely love these, will buy another pair!"
500782,101341,2026-02-26,Canvas Slip-On,CNV-006,West,5,"Great everyday shoe, gets compliments all the time."
500783,101330,2026-04-07,Canvas Slip-On,CNV-006,East,5,"Great quality, super comfortable for daily wear."
500784,100153,2026-04-07,Bamboo Fiber Sneaker,BFS-002,West,5,"Absolutely love these, will buy another pair!"
500785,101164,2026-05-25,Canvas Slip-On,CNV-006,East,3,"Really slow delivery this time, not the usual experience."
500786,100251,2026-04-02,Cork Sandal,CRK-004,South,5,"Great quality, super comfortable for daily wear."
500787,100035,2026-02-26,Merino Wool Loafer,MWL-001,North,3,"Delivery took almost 3 weeks, way longer than promised."
500788,100122,2026-04-08,Bamboo Fiber Sneaker,BFS-002,North,3,Color faded slightly after a few washes.
500789,100792,2026-07-31,Canvas Slip-On,CNV-006,East,2,"Package was delayed multiple times, courier kept rescheduling."
500790,100407,2026-02-22,Merino Wool Loafer,MWL-001,East,2,"Delivery took almost 3 weeks, way longer than promised."
500791,100501,2026-02-17,Recycled PET Runner,RPR-003,North,4,"Great quality, super comfortable for daily wear."
500792,101013,2026-06-29,Cork Sandal,CRK-004,North,2,Order tracking showed no movement for over a week.
500793,100177,2026-06-09,Recycled PET Runner,RPR-003,North,4,"Great quality, super comfortable for daily wear."
500794,100899,2026-06-11,Canvas Slip-On,CNV-006,South,2,Order tracking showed no movement for over a week.
500795,100739,2026-05-31,Hemp Espadrille,HMP-005,North,3,Sole started wearing out after a couple months.
500796,100475,2026-07-29,Canvas Slip-On,CNV-006,South,5,"Loved the material, feels premium and sustainable."
500797,101066,2026-06-13,Cork Sandal,CRK-004,North,5,"Comfortable right out of the box, no break-in needed."
500798,101168,2026-03-28,Canvas Slip-On,CNV-006,North,3,"Great quality, super comfortable for daily wear."
500799,101140,2026-05-31,Merino Wool Loafer,MWL-001,North,4,"Exactly as described, fast shipping too."
500800,101346,2026-05-18,Merino Wool Loafer,MWL-001,North,5,"Great quality, super comfortable for daily wear."
500801,100012,2026-07-08,Canvas Slip-On,CNV-006,North,5,"Exactly as described, fast shipping too."
500802,101169,2026-07-18,Canvas Slip-On,CNV-006,South,5,"Exactly as described, fast shipping too."
500803,100120,2026-07-31,Hemp Espadrille,HMP-005,East,3,Stitching came a little loose after light use.
500804,100085,2026-04-11,Cork Sandal,CRK-004,West,5,"A bit pricey for what you get, but decent quality."
500805,100125,2026-06-17,Hemp Espadrille,HMP-005,South,5,"Exactly as described, fast shipping too."
500806,101353,2026-03-22,Hemp Espadrille,HMP-005,West,2,"Delivery took almost 3 weeks, way longer than promised."
500807,100522,2026-05-02,Bamboo Fiber Sneaker,BFS-002,West,5,"Absolutely love these, will buy another pair!"
500808,101061,2026-02-19,Merino Wool Loafer,MWL-001,East,5,"Great quality, super comfortable for daily wear."
500809,100024,2026-07-09,Hemp Espadrille,HMP-005,North,3,Color faded slightly after a few washes.
500810,100808,2026-03-27,Recycled PET Runner,RPR-003,West,5,"Great quality, super comfortable for daily wear."
500811,100729,2026-07-01,Bamboo Fiber Sneaker,BFS-002,North,5,"Exactly as described, fast shipping too."
500812,100492,2026-02-13,Cork Sandal,CRK-004,North,5,"Comfortable right out of the box, no break-in needed."
500813,100688,2026-03-02,Recycled PET Runner,RPR-003,North,5,"Great everyday shoe, gets compliments all the time."
500814,100097,2026-06-10,Recycled PET Runner,RPR-003,North,5,Perfect fit and very breathable material.
500815,100186,2026-05-24,Recycled PET Runner,RPR-003,North,5,"Loved the material, feels premium and sustainable."
500816,101241,2026-04-29,Canvas Slip-On,CNV-006,West,5,"Great quality, super comfortable for daily wear."
500817,100496,2026-06-22,Bamboo Fiber Sneaker,BFS-002,South,3,Shipment got stuck in transit for days before arriving.
500818,101181,2026-05-29,Hemp Espadrille,HMP-005,South,5,"Comfortable right out of the box, no break-in needed."
500819,100306,2026-04-13,Hemp Espadrille,HMP-005,West,5,"Loved the material, feels premium and sustainable."
500820,100129,2026-04-07,Recycled PET Runner,RPR-003,North,5,"Great quality, super comfortable for daily wear."
500821,100102,2026-05-23,Hemp Espadrille,HMP-005,West,2,Order tracking showed no movement for over a week.
500822,101394,2026-07-31,Canvas Slip-On,CNV-006,West,2,Order tracking showed no movement for over a week.
500823,100923,2026-05-26,Bamboo Fiber Sneaker,BFS-002,West,5,"Absolutely love these, will buy another pair!"
500824,100551,2026-03-30,Recycled PET Runner,RPR-003,South,3,Stitching came a little loose after light use.
500825,101027,2026-04-05,Bamboo Fiber Sneaker,BFS-002,East,4,Sole started wearing out after a couple months.
500826,101378,2026-04-09,Bamboo Fiber Sneaker,BFS-002,West,4,"Great quality, super comfortable for daily wear."
500827,100021,2026-07-18,Hemp Espadrille,HMP-005,East,3,"Great quality, super comfortable for daily wear."
500828,100844,2026-05-15,Hemp Espadrille,HMP-005,East,5,"Great everyday shoe, gets compliments all the time."
500829,101155,2026-06-21,Cork Sandal,CRK-004,North,5,"Great everyday shoe, gets compliments all the time."
500830,100550,2026-04-03,Hemp Espadrille,HMP-005,East,4,"Comfortable right out of the box, no break-in needed."
500831,100543,2026-06-16,Hemp Espadrille,HMP-005,South,3,"Really slow delivery this time, not the usual experience."
500832,100650,2026-03-07,Canvas Slip-On,CNV-006,North,5,"Comfortable right out of the box, no break-in needed."
500833,100578,2026-02-11,Recycled PET Runner,RPR-003,West,4,Stitching came a little loose after light use.
500834,100532,2026-03-26,Recycled PET Runner,RPR-003,South,5,"Comfortable right out of the box, no break-in needed."
500835,100708,2026-03-19,Recycled PET Runner,RPR-003,West,5,"Loved the material, feels premium and sustainable."
500836,100925,2026-04-29,Merino Wool Loafer,MWL-001,East,4,"Absolutely love these, will buy another pair!"
500837,100213,2026-05-28,Cork Sandal,CRK-004,West,5,"Great everyday shoe, gets compliments all the time."
500838,101025,2026-06-18,Merino Wool Loafer,MWL-001,North,4,"Exactly as described, fast shipping too."
500839,101225,2026-07-30,Cork Sandal,CRK-004,East,3,"Great quality, super comfortable for daily wear."
500840,100185,2026-07-31,Recycled PET Runner,RPR-003,North,3,"Package was delayed multiple times, courier kept rescheduling."
500841,100006,2026-03-05,Recycled PET Runner,RPR-003,North,4,Perfect fit and very breathable material.
500842,100458,2026-03-11,Bamboo Fiber Sneaker,BFS-002,West,5,"Comfortable right out of the box, no break-in needed."
500843,101398,2026-02-15,Hemp Espadrille,HMP-005,South,4,"Comfortable right out of the box, no break-in needed."
500844,100862,2026-04-12,Bamboo Fiber Sneaker,BFS-002,South,4,"Comfortable right out of the box, no break-in needed."
500845,101092,2026-03-20,Cork Sandal,CRK-004,West,3,Sole started wearing out after a couple months.
500846,101370,2026-06-26,Bamboo Fiber Sneaker,BFS-002,South,3,"Delivery took almost 3 weeks, way longer than promised."
500847,100212,2026-07-31,Hemp Espadrille,HMP-005,North,3,Color faded slightly after a few washes.
500848,100166,2026-07-31,Recycled PET Runner,RPR-003,West,3,Stitching came a little loose after light use.
500849,101038,2026-04-17,Merino Wool Loafer,MWL-001,East,4,"Great everyday shoe, gets compliments all the time."
500850,100263,2026-02-26,Hemp Espadrille,HMP-005,East,3,Order tracking showed no movement for over a week.
500851,100694,2026-06-02,Cork Sandal,CRK-004,West,5,"Absolutely love these, will buy another pair!"
500852,100087,2026-04-20,Recycled PET Runner,RPR-003,South,3,"Very comfortable, perfect for long walks."
500853,101375,2026-06-13,Hemp Espadrille,HMP-005,East,3,"A bit pricey for what you get, but decent quality."
500854,100519,2026-07-31,Recycled PET Runner,RPR-003,West,4,"Exactly as described, fast shipping too."
500855,100582,2026-02-21,Canvas Slip-On,CNV-006,West,3,Stitching came a little loose after light use.
500856,100373,2026-07-23,Hemp Espadrille,HMP-005,South,4,Perfect fit and very breathable material.
500857,100176,2026-06-25,Bamboo Fiber Sneaker,BFS-002,West,4,Perfect fit and very breathable material.
500858,100960,2026-06-01,Recycled PET Runner,RPR-003,North,5,"Comfortable right out of the box, no break-in needed."
500859,100001,2026-02-11,Canvas Slip-On,CNV-006,North,5,Perfect fit and very breathable material.
500860,101097,2026-04-27,Bamboo Fiber Sneaker,BFS-002,East,4,Perfect fit and very breathable material.
500861,100308,2026-06-12,Cork Sandal,CRK-004,East,4,"Exactly as described, fast shipping too."
500862,100048,2026-06-07,Merino Wool Loafer,MWL-001,North,2,Order tracking showed no movement for over a week.
500863,100567,2026-03-05,Canvas Slip-On,CNV-006,East,2,"Delivery took almost 3 weeks, way longer than promised."
500864,101333,2026-07-26,Hemp Espadrille,HMP-005,South,5,"Exactly as described, fast shipping too."
500865,100602,2026-07-31,Merino Wool Loafer,MWL-001,West,2,"Sizing is off compared to my last order, needed an exchange."
500866,101131,2026-03-01,Canvas Slip-On,CNV-006,South,4,"Loved the material, feels premium and sustainable."
500867,100503,2026-07-02,Merino Wool Loafer,MWL-001,West,5,"Great quality, super comfortable for daily wear."
500868,101219,2026-07-22,Merino Wool Loafer,MWL-001,West,3,"Really slow delivery this time, not the usual experience."
500869,100361,2026-02-18,Merino Wool Loafer,MWL-001,West,4,"Very comfortable, perfect for long walks."
500870,101233,2026-06-14,Hemp Espadrille,HMP-005,North,3,"Really slow delivery this time, not the usual experience."
500871,100639,2026-03-11,Merino Wool Loafer,MWL-001,South,5,"Absolutely love these, will buy another pair!"
500872,100580,2026-04-20,Recycled PET Runner,RPR-003,West,5,"Exactly as described, fast shipping too."
500873,100046,2026-04-17,Hemp Espadrille,HMP-005,East,5,Perfect fit and very breathable material.
500874,100243,2026-05-01,Bamboo Fiber Sneaker,BFS-002,South,5,Perfect fit and very breathable material.
500875,100038,2026-02-20,Hemp Espadrille,HMP-005,North,5,"Exactly as described, fast shipping too."
500876,100736,2026-06-24,Hemp Espadrille,HMP-005,North,5,"Great everyday shoe, gets compliments all the time."
500877,101058,2026-05-12,Cork Sandal,CRK-004,South,3,"Delivery took almost 3 weeks, way longer than promised."
500878,100968,2026-07-15,Cork Sandal,CRK-004,West,4,Perfect fit and very breathable material.
500879,100684,2026-07-03,Hemp Espadrille,HMP-005,West,4,"Great quality, super comfortable for daily wear."
500880,100959,2026-07-08,Canvas Slip-On,CNV-006,North,4,"Great quality, super comfortable for daily wear."
500881,100222,2026-07-31,Hemp Espadrille,HMP-005,West,3,"Loved the material, feels premium and sustainable."
500882,101347,2026-05-28,Bamboo Fiber Sneaker,BFS-002,North,5,"Comfortable right out of the box, no break-in needed."
500883,100285,2026-03-11,Bamboo Fiber Sneaker,BFS-002,North,4,Stitching came a little loose after light use.
500884,100555,2026-06-02,Canvas Slip-On,CNV-006,East,5,"Worth every rupee, best purchase this year."
500885,101193,2026-02-11,Cork Sandal,CRK-004,South,5,"Worth every rupee, best purchase this year."
500886,100077,2026-03-07,Hemp Espadrille,HMP-005,East,5,"Absolutely love these, will buy another pair!"
500887,100262,2026-04-10,Merino Wool Loafer,MWL-001,East,5,"Exactly as described, fast shipping too."
500888,101389,2026-04-12,Bamboo Fiber Sneaker,BFS-002,West,3,"Delivery took almost 3 weeks, way longer than promised."
500889,100966,2026-03-15,Hemp Espadrille,HMP-005,West,4,"A bit pricey for what you get, but decent quality."
500890,101053,2026-06-01,Canvas Slip-On,CNV-006,North,4,Stitching came a little loose after light use.
500891,100854,2026-02-17,Cork Sandal,CRK-004,North,5,"Great quality, super comfortable for daily wear."
500892,100825,2026-04-18,Canvas Slip-On,CNV-006,South,4,"Great quality, super comfortable for daily wear."
500893,100205,2026-07-22,Bamboo Fiber Sneaker,BFS-002,South,3,Shipment got stuck in transit for days before arriving.
500894,100234,2026-06-02,Bamboo Fiber Sneaker,BFS-002,North,3,"Very comfortable, perfect for long walks."
500895,100905,2026-03-16,Recycled PET Runner,RPR-003,South,4,Perfect fit and very breathable material.
500896,101122,2026-04-04,Merino Wool Loafer,MWL-001,North,4,"Great quality, super comfortable for daily wear."
500897,100732,2026-04-04,Cork Sandal,CRK-004,South,5,"Absolutely love these, will buy another pair!"
500898,100620,2026-06-14,Bamboo Fiber Sneaker,BFS-002,East,4,"Worth every rupee, best purchase this year."
500899,101083,2026-07-01,Hemp Espadrille,HMP-005,South,4,"Comfortable right out of the box, no break-in needed."
500900,100482,2026-07-23,Cork Sandal,CRK-004,South,4,Sole started wearing out after a couple months.
